,type1,index,0
0,7.0,21,2007-09-22
1,7.0,22,2007-09-23
2,8.0,23,2007-09-24
3,7.0,24,2007-09-25
4,7.0,25,2007-09-26
5,8.0,26,2007-09-27
6,8.0,27,2007-09-28
7,8.0,28,2007-09-29
8,8.0,29,2007-09-30
9,9.0,30,2007-10-01
10,8.0,31,2007-10-02
11,7.0,32,2007-10-03
12,8.0,33,2007-10-04
13,8.0,34,2007-10-05
14,7.0,35,2007-10-06
15,8.0,36,2007-10-07
16,9.0,37,2007-10-08
17,7.0,38,2007-10-09
18,7.0,39,2007-10-10
19,8.0,40,2007-10-11
20,8.0,41,2007-10-12
21,8.0,42,2007-10-13
22,8.0,43,2007-10-14
23,9.0,44,2007-10-15
24,8.0,45,2007-10-16
25,7.0,46,2007-10-17
26,8.0,47,2007-10-18
27,8.0,48,2007-10-19
28,8.0,49,2007-10-20
29,9.0,50,2007-10-21
30,9.0,51,2007-10-22
31,8.0,52,2007-10-23
32,7.0,53,2007-10-24
33,8.0,54,2007-10-25
34,8.0,55,2007-10-26
35,8.0,56,2007-10-27
36,9.0,57,2007-10-28
37,9.0,58,2007-10-29
38,8.0,59,2007-10-30
39,8.0,60,2007-10-31
40,9.0,61,2007-11-01
41,9.0,62,2007-11-02
42,9.0,63,2007-11-03
43,9.0,64,2007-11-04
44,9.0,65,2007-11-05
45,8.0,66,2007-11-06
46,7.0,67,2007-11-07
47,8.0,68,2007-11-08
48,9.0,69,2007-11-09
49,9.0,70,2007-11-10
50,9.0,71,2007-11-11
51,9.0,72,2007-11-12
52,8.0,73,2007-11-13
53,7.0,74,2007-11-14
54,9.0,75,2007-11-15
55,9.0,76,2007-11-16
56,10.0,77,2007-11-17
57,10.0,78,2007-11-18
58,10.0,79,2007-11-19
59,8.0,80,2007-11-20
60,9.0,81,2007-11-21
61,10.0,82,2007-11-22
62,10.0,83,2007-11-23
63,10.0,84,2007-11-24
64,10.0,85,2007-11-25
65,11.0,86,2007-11-26
66,10.0,87,2007-11-27
67,9.0,88,2007-11-28
68,11.0,89,2007-11-29
69,11.0,90,2007-11-30
70,12.0,91,2007-12-01
71,11.0,92,2007-12-02
72,12.0,93,2007-12-03
73,9.0,94,2007-12-04
74,8.0,95,2007-12-05
75,9.0,96,2007-12-06
76,9.0,97,2007-12-07
77,10.0,98,2007-12-08
78,10.0,99,2007-12-09
79,10.0,100,2007-12-10
80,8.0,101,2007-12-11
81,7.0,102,2007-12-12
82,9.0,103,2007-12-13
83,9.0,104,2007-12-14
84,9.0,105,2007-12-15
85,9.0,106,2007-12-16
86,9.0,107,2007-12-17
87,8.0,108,2007-12-18
88,8.0,109,2007-12-19
89,8.0,110,2007-12-20
90,8.0,111,2007-12-21
91,8.0,112,2007-12-22
92,8.0,113,2007-12-23
93,9.0,114,2007-12-24
94,8.0,115,2007-12-25
95,7.0,116,2007-12-26
96,8.0,117,2007-12-27
97,8.0,118,2007-12-28
98,8.0,119,2007-12-29
99,8.0,120,2007-12-30
100,10.0,121,2007-12-31
101,8.0,122,2008-01-01
102,7.0,123,2008-01-02
103,7.0,124,2008-01-03
104,7.0,125,2008-01-04
105,7.0,126,2008-01-05
106,7.0,127,2008-01-06
107,7.0,128,2008-01-07
108,7.0,129,2008-01-08
109,6.0,130,2008-01-09
110,7.0,131,2008-01-10
111,7.0,132,2008-01-11
112,7.0,133,2008-01-12
113,8.0,134,2008-01-13
114,9.0,135,2008-01-14
115,7.0,136,2008-01-15
116,7.0,137,2008-01-16
117,7.0,138,2008-01-17
118,7.0,139,2008-01-18
119,8.0,140,2008-01-19
120,8.0,141,2008-01-20
121,9.0,142,2008-01-21
122,8.0,143,2008-01-22
123,8.0,144,2008-01-23
124,9.0,145,2008-01-24
125,9.0,146,2008-01-25
126,8.0,147,2008-01-26
127,9.0,148,2008-01-27
128,10.0,149,2008-01-28
129,8.0,150,2008-01-29
130,7.0,151,2008-01-30
131,8.0,152,2008-01-31
132,8.0,153,2008-02-01
133,8.0,154,2008-02-02
134,8.0,155,2008-02-03
135,9.0,156,2008-02-04
136,7.0,157,2008-02-05
137,7.0,158,2008-02-06
138,8.0,159,2008-02-07
139,8.0,160,2008-02-08
140,8.0,161,2008-02-09
141,8.0,162,2008-02-10
142,9.0,163,2008-02-11
143,8.0,164,2008-02-12
144,7.0,165,2008-02-13
145,8.0,166,2008-02-14
146,8.0,167,2008-02-15
147,7.0,168,2008-02-16
148,8.0,169,2008-02-17
149,9.0,170,2008-02-18
150,7.0,171,2008-02-19
151,7.0,172,2008-02-20
152,8.0,173,2008-02-21
153,8.0,174,2008-02-22
154,8.0,175,2008-02-23
155,9.0,176,2008-02-24
156,10.0,177,2008-02-25
157,8.0,178,2008-02-26
158,8.0,179,2008-02-27
159,9.0,180,2008-02-28
160,8.0,181,2008-02-29
161,8.0,182,2008-03-01
162,9.0,183,2008-03-02
163,10.0,184,2008-03-03
164,8.0,185,2008-03-04
165,7.0,186,2008-03-05
166,9.0,187,2008-03-06
167,9.0,188,2008-03-07
168,9.0,189,2008-03-08
169,9.0,190,2008-03-09
170,9.0,191,2008-03-10
171,8.0,192,2008-03-11
172,8.0,193,2008-03-12
173,8.0,194,2008-03-13
174,8.0,195,2008-03-14
175,9.0,196,2008-03-15
176,9.0,197,2008-03-16
177,10.0,198,2008-03-17
178,8.0,199,2008-03-18
179,7.0,200,2008-03-19
180,8.0,201,2008-03-20
181,8.0,202,2008-03-21
182,8.0,203,2008-03-22
183,8.0,204,2008-03-23
184,9.0,205,2008-03-24
185,8.0,206,2008-03-25
186,7.0,207,2008-03-26
187,8.0,208,2008-03-27
188,8.0,209,2008-03-28
189,8.0,210,2008-03-29
190,8.0,211,2008-03-30
191,10.0,212,2008-03-31
192,8.0,213,2008-04-01
193,7.0,214,2008-04-02
194,8.0,215,2008-04-03
195,9.0,216,2008-04-04
196,9.0,217,2008-04-05
197,9.0,218,2008-04-06
198,10.0,219,2008-04-07
199,8.0,220,2008-04-08
200,7.0,221,2008-04-09
201,8.0,222,2008-04-10
202,8.0,223,2008-04-11
203,8.0,224,2008-04-12
204,9.0,225,2008-04-13
205,9.0,226,2008-04-14
206,8.0,227,2008-04-15
207,8.0,228,2008-04-16
208,9.0,229,2008-04-17
209,8.0,230,2008-04-18
210,8.0,231,2008-04-19
211,8.0,232,2008-04-20
212,10.0,233,2008-04-21
213,8.0,234,2008-04-22
214,7.0,235,2008-04-23
215,9.0,236,2008-04-24
216,10.0,237,2008-04-25
217,10.0,238,2008-04-26
218,11.0,239,2008-04-27
219,12.0,240,2008-04-28
220,10.0,241,2008-04-29
221,9.0,242,2008-04-30
222,10.0,243,2008-05-01
223,9.0,244,2008-05-02
224,9.0,245,2008-05-03
225,10.0,246,2008-05-04
226,10.0,247,2008-05-05
227,8.0,248,2008-05-06
228,8.0,249,2008-05-07
229,9.0,250,2008-05-08
230,8.0,251,2008-05-09
231,9.0,252,2008-05-10
232,9.0,253,2008-05-11
233,9.0,254,2008-05-12
234,9.0,255,2008-05-13
235,8.0,256,2008-05-14
236,9.0,257,2008-05-15
237,8.0,258,2008-05-16
238,9.0,259,2008-05-17
239,9.0,260,2008-05-18
240,10.0,261,2008-05-19
241,9.0,262,2008-05-20
242,8.0,263,2008-05-21
243,10.0,264,2008-05-22
244,10.0,265,2008-05-23
245,9.0,266,2008-05-24
246,9.0,267,2008-05-25
247,11.0,268,2008-05-26
248,9.0,269,2008-05-27
249,8.0,270,2008-05-28
250,9.0,271,2008-05-29
251,9.0,272,2008-05-30
252,9.0,273,2008-05-31
253,9.0,274,2008-06-01
254,10.0,275,2008-06-02
255,8.0,276,2008-06-03
256,8.0,277,2008-06-04
257,8.0,278,2008-06-05
258,7.0,279,2008-06-06
259,8.0,280,2008-06-07
260,9.0,281,2008-06-08
261,10.0,282,2008-06-09
262,8.0,283,2008-06-10
263,7.0,284,2008-06-11
264,7.0,285,2008-06-12
265,7.0,286,2008-06-13
266,8.0,287,2008-06-14
267,9.0,288,2008-06-15
268,9.0,289,2008-06-16
269,8.0,290,2008-06-17
270,7.0,291,2008-06-18
271,9.0,292,2008-06-19
272,8.0,293,2008-06-20
273,9.0,294,2008-06-21
274,9.0,295,2008-06-22
275,11.0,296,2008-06-23
276,9.0,297,2008-06-24
277,8.0,298,2008-06-25
278,10.0,299,2008-06-26
279,10.0,300,2008-06-27
280,10.0,301,2008-06-28
281,10.0,302,2008-06-29
282,10.0,303,2008-06-30
283,9.0,304,2008-07-01
284,8.0,305,2008-07-02
285,10.0,306,2008-07-03
286,11.0,307,2008-07-04
287,11.0,308,2008-07-05
288,11.0,309,2008-07-06
289,11.0,310,2008-07-07
290,9.0,311,2008-07-08
291,8.0,312,2008-07-09
292,9.0,313,2008-07-10
293,9.0,314,2008-07-11
294,9.0,315,2008-07-12
295,9.0,316,2008-07-13
296,10.0,317,2008-07-14
297,8.0,318,2008-07-15
298,8.0,319,2008-07-16
299,9.0,320,2008-07-17
300,9.0,321,2008-07-18
301,9.0,322,2008-07-19
302,9.0,323,2008-07-20
303,10.0,324,2008-07-21
304,9.0,325,2008-07-22
305,7.0,326,2008-07-23
306,8.0,327,2008-07-24
307,9.0,328,2008-07-25
308,9.0,329,2008-07-26
309,9.0,330,2008-07-27
310,10.0,331,2008-07-28
311,9.0,332,2008-07-29
312,8.0,333,2008-07-30
313,9.0,334,2008-07-31
314,9.0,335,2008-08-01
315,9.0,336,2008-08-02
316,9.0,337,2008-08-03
317,10.0,338,2008-08-04
318,8.0,339,2008-08-05
319,8.0,340,2008-08-06
320,8.0,341,2008-08-07
321,8.0,342,2008-08-08
322,8.0,343,2008-08-09
323,8.0,344,2008-08-10
324,9.0,345,2008-08-11
325,8.0,346,2008-08-12
326,7.0,347,2008-08-13
327,8.0,348,2008-08-14
328,8.0,349,2008-08-15
329,8.0,350,2008-08-16
330,8.0,351,2008-08-17
331,8.0,352,2008-08-18
332,7.0,353,2008-08-19
333,7.0,354,2008-08-20
334,8.0,355,2008-08-21
335,8.0,356,2008-08-22
336,8.0,357,2008-08-23
337,8.0,358,2008-08-24
338,9.0,359,2008-08-25
339,8.0,360,2008-08-26
340,7.0,361,2008-08-27
341,9.0,362,2008-08-28
342,8.0,363,2008-08-29
343,8.0,364,2008-08-30
344,8.0,365,2008-08-31
345,9.0,366,2008-09-01
346,7.0,367,2008-09-02
347,7.0,368,2008-09-03
348,8.0,369,2008-09-04
349,8.0,370,2008-09-05
350,8.0,371,2008-09-06
351,8.0,372,2008-09-07
352,9.0,373,2008-09-08
353,7.0,374,2008-09-09
354,7.0,375,2008-09-10
355,8.0,376,2008-09-11
356,8.0,377,2008-09-12
357,8.0,378,2008-09-13
358,9.0,379,2008-09-14
359,10.0,380,2008-09-15
360,9.0,381,2008-09-16
361,8.0,382,2008-09-17
362,9.0,383,2008-09-18
363,9.0,384,2008-09-19
364,9.0,385,2008-09-20
365,9.0,386,2008-09-21
366,10.0,387,2008-09-22
367,8.0,388,2008-09-23
368,7.0,389,2008-09-24
369,8.0,390,2008-09-25
370,8.0,391,2008-09-26
371,9.0,392,2008-09-27
372,10.0,393,2008-09-28
373,11.0,394,2008-09-29
374,9.0,395,2008-09-30
375,8.0,396,2008-10-01
376,10.0,397,2008-10-02
377,10.0,398,2008-10-03
378,9.0,399,2008-10-04
379,9.0,400,2008-10-05
380,10.0,401,2008-10-06
381,9.0,402,2008-10-07
382,8.0,403,2008-10-08
383,9.0,404,2008-10-09
384,8.0,405,2008-10-10
385,8.0,406,2008-10-11
386,8.0,407,2008-10-12
387,9.0,408,2008-10-13
388,8.0,409,2008-10-14
389,7.0,410,2008-10-15
390,8.0,411,2008-10-16
391,9.0,412,2008-10-17
392,9.0,413,2008-10-18
393,9.0,414,2008-10-19
394,10.0,415,2008-10-20
395,9.0,416,2008-10-21
396,8.0,417,2008-10-22
397,9.0,418,2008-10-23
398,10.0,419,2008-10-24
399,10.0,420,2008-10-25
400,10.0,421,2008-10-26
401,10.0,422,2008-10-27
402,9.0,423,2008-10-28
403,8.0,424,2008-10-29
404,10.0,425,2008-10-30
405,9.0,426,2008-10-31
406,8.0,427,2008-11-01
407,9.0,428,2008-11-02
408,9.0,429,2008-11-03
409,9.0,430,2008-11-04
410,8.0,431,2008-11-05
411,9.0,432,2008-11-06
412,9.0,433,2008-11-07
413,10.0,434,2008-11-08
414,10.0,435,2008-11-09
415,11.0,436,2008-11-10
416,10.0,437,2008-11-11
417,9.0,438,2008-11-12
418,10.0,439,2008-11-13
419,11.0,440,2008-11-14
420,11.0,441,2008-11-15
421,11.0,442,2008-11-16
422,11.0,443,2008-11-17
423,10.0,444,2008-11-18
424,9.0,445,2008-11-19
425,10.0,446,2008-11-20
426,10.0,447,2008-11-21
427,10.0,448,2008-11-22
428,10.0,449,2008-11-23
429,11.0,450,2008-11-24
430,9.0,451,2008-11-25
431,7.0,452,2008-11-26
432,8.0,453,2008-11-27
433,8.0,454,2008-11-28
434,9.0,455,2008-11-29
435,9.0,456,2008-11-30
436,10.0,457,2008-12-01
437,8.0,458,2008-12-02
438,7.0,459,2008-12-03
439,7.0,460,2008-12-04
440,8.0,461,2008-12-05
441,9.0,462,2008-12-06
442,9.0,463,2008-12-07
443,10.0,464,2008-12-08
444,9.0,465,2008-12-09
445,8.0,466,2008-12-10
446,9.0,467,2008-12-11
447,10.0,468,2008-12-12
448,10.0,469,2008-12-13
449,10.0,470,2008-12-14
450,11.0,471,2008-12-15
451,9.0,472,2008-12-16
452,8.0,473,2008-12-17
453,9.0,474,2008-12-18
454,9.0,475,2008-12-19
455,9.0,476,2008-12-20
456,10.0,477,2008-12-21
457,10.0,478,2008-12-22
458,8.0,479,2008-12-23
459,8.0,480,2008-12-24
460,9.0,481,2008-12-25
461,8.0,482,2008-12-26
462,8.0,483,2008-12-27
463,8.0,484,2008-12-28
464,9.0,485,2008-12-29
465,8.0,486,2008-12-30
466,7.0,487,2008-12-31
467,7.0,488,2009-01-01
468,7.0,489,2009-01-02
469,7.0,490,2009-01-03
470,7.0,491,2009-01-04
471,8.0,492,2009-01-05
472,7.0,493,2009-01-06
473,7.0,494,2009-01-07
474,8.0,495,2009-01-08
475,8.0,496,2009-01-09
476,9.0,497,2009-01-10
477,9.0,498,2009-01-11
478,10.0,499,2009-01-12
479,8.0,500,2009-01-13
480,8.0,501,2009-01-14
481,10.0,502,2009-01-15
482,10.0,503,2009-01-16
483,10.0,504,2009-01-17
484,10.0,505,2009-01-18
485,11.0,506,2009-01-19
486,9.0,507,2009-01-20
487,8.0,508,2009-01-21
488,9.0,509,2009-01-22
489,8.0,510,2009-01-23
490,8.0,511,2009-01-24
491,9.0,512,2009-01-25
492,10.0,513,2009-01-26
493,8.0,514,2009-01-27
494,7.0,515,2009-01-28
495,7.0,516,2009-01-29
496,7.0,517,2009-01-30
497,8.0,518,2009-01-31
498,8.0,519,2009-02-01
499,9.0,520,2009-02-02
500,7.0,521,2009-02-03
501,6.0,522,2009-02-04
502,7.0,523,2009-02-05
503,7.0,524,2009-02-06
504,7.0,525,2009-02-07
505,8.0,526,2009-02-08
506,8.0,527,2009-02-09
507,7.0,528,2009-02-10
508,7.0,529,2009-02-11
509,8.0,530,2009-02-12
510,8.0,531,2009-02-13
511,8.0,532,2009-02-14
512,9.0,533,2009-02-15
513,10.0,534,2009-02-16
514,9.0,535,2009-02-17
515,8.0,536,2009-02-18
516,9.0,537,2009-02-19
517,9.0,538,2009-02-20
518,9.0,539,2009-02-21
519,10.0,540,2009-02-22
520,10.0,541,2009-02-23
521,8.0,542,2009-02-24
522,7.0,543,2009-02-25
523,8.0,544,2009-02-26
524,9.0,545,2009-02-27
525,9.0,546,2009-02-28
526,9.0,547,2009-03-01
527,10.0,548,2009-03-02
528,8.0,549,2009-03-03
529,7.0,550,2009-03-04
530,8.0,551,2009-03-05
531,7.0,552,2009-03-06
532,8.0,553,2009-03-07
533,8.0,554,2009-03-08
534,9.0,555,2009-03-09
535,8.0,556,2009-03-10
536,8.0,557,2009-03-11
537,10.0,558,2009-03-12
538,10.0,559,2009-03-13
539,10.0,560,2009-03-14
540,10.0,561,2009-03-15
541,11.0,562,2009-03-16
542,9.0,563,2009-03-17
543,8.0,564,2009-03-18
544,9.0,565,2009-03-19
545,9.0,566,2009-03-20
546,8.0,567,2009-03-21
547,9.0,568,2009-03-22
548,9.0,569,2009-03-23
549,8.0,570,2009-03-24
550,7.0,571,2009-03-25
551,8.0,572,2009-03-26
552,8.0,573,2009-03-27
553,8.0,574,2009-03-28
554,8.0,575,2009-03-29
555,9.0,576,2009-03-30
556,7.0,577,2009-03-31
557,7.0,578,2009-04-01
558,8.0,579,2009-04-02
559,8.0,580,2009-04-03
560,8.0,581,2009-04-04
561,8.0,582,2009-04-05
562,9.0,583,2009-04-06
563,7.0,584,2009-04-07
564,7.0,585,2009-04-08
565,8.0,586,2009-04-09
566,8.0,587,2009-04-10
567,7.0,588,2009-04-11
568,7.0,589,2009-04-12
569,8.0,590,2009-04-13
570,7.0,591,2009-04-14
571,6.0,592,2009-04-15
572,7.0,593,2009-04-16
573,6.0,594,2009-04-17
574,7.0,595,2009-04-18
575,8.0,596,2009-04-19
576,8.0,597,2009-04-20
577,8.0,598,2009-04-21
578,8.0,599,2009-04-22
579,9.0,600,2009-04-23
580,10.0,601,2009-04-24
581,10.0,602,2009-04-25
582,10.0,603,2009-04-26
583,11.0,604,2009-04-27
584,9.0,605,2009-04-28
585,8.0,606,2009-04-29
586,9.0,607,2009-04-30
587,8.0,608,2009-05-01
588,8.0,609,2009-05-02
589,8.0,610,2009-05-03
590,9.0,611,2009-05-04
591,7.0,612,2009-05-05
592,7.0,613,2009-05-06
593,8.0,614,2009-05-07
594,8.0,615,2009-05-08
595,8.0,616,2009-05-09
596,9.0,617,2009-05-10
597,9.0,618,2009-05-11
598,8.0,619,2009-05-12
599,8.0,620,2009-05-13
600,9.0,621,2009-05-14
601,10.0,622,2009-05-15
602,10.0,623,2009-05-16
603,10.0,624,2009-05-17
604,11.0,625,2009-05-18
605,9.0,626,2009-05-19
606,8.0,627,2009-05-20
607,8.0,628,2009-05-21
608,9.0,629,2009-05-22
609,9.0,630,2009-05-23
610,9.0,631,2009-05-24
611,10.0,632,2009-05-25
612,9.0,633,2009-05-26
613,8.0,634,2009-05-27
614,9.0,635,2009-05-28
615,9.0,636,2009-05-29
616,9.0,637,2009-05-30
617,9.0,638,2009-05-31
618,10.0,639,2009-06-01
619,8.0,640,2009-06-02
620,8.0,641,2009-06-03
621,9.0,642,2009-06-04
622,10.0,643,2009-06-05
623,10.0,644,2009-06-06
624,10.0,645,2009-06-07
625,11.0,646,2009-06-08
626,8.0,647,2009-06-09
627,8.0,648,2009-06-10
628,9.0,649,2009-06-11
629,10.0,650,2009-06-12
630,10.0,651,2009-06-13
631,10.0,652,2009-06-14
632,11.0,653,2009-06-15
633,9.0,654,2009-06-16
634,8.0,655,2009-06-17
635,9.0,656,2009-06-18
636,9.0,657,2009-06-19
637,9.0,658,2009-06-20
638,10.0,659,2009-06-21
639,11.0,660,2009-06-22
640,9.0,661,2009-06-23
641,7.0,662,2009-06-24
642,9.0,663,2009-06-25
643,9.0,664,2009-06-26
644,9.0,665,2009-06-27
645,9.0,666,2009-06-28
646,10.0,667,2009-06-29
647,8.0,668,2009-06-30
648,7.0,669,2009-07-01
649,8.0,670,2009-07-02
650,8.0,671,2009-07-03
651,8.0,672,2009-07-04
652,8.0,673,2009-07-05
653,9.0,674,2009-07-06
654,8.0,675,2009-07-07
655,7.0,676,2009-07-08
656,8.0,677,2009-07-09
657,8.0,678,2009-07-10
658,8.0,679,2009-07-11
659,8.0,680,2009-07-12
660,9.0,681,2009-07-13
661,8.0,682,2009-07-14
662,7.0,683,2009-07-15
663,8.0,684,2009-07-16
664,8.0,685,2009-07-17
665,8.0,686,2009-07-18
666,9.0,687,2009-07-19
667,9.0,688,2009-07-20
668,8.0,689,2009-07-21
669,7.0,690,2009-07-22
670,8.0,691,2009-07-23
671,7.0,692,2009-07-24
672,8.0,693,2009-07-25
673,8.0,694,2009-07-26
674,9.0,695,2009-07-27
675,8.0,696,2009-07-28
676,7.0,697,2009-07-29
677,8.0,698,2009-07-30
678,8.0,699,2009-07-31
679,8.0,700,2009-08-01
680,8.0,701,2009-08-02
681,9.0,702,2009-08-03
682,8.0,703,2009-08-04
683,7.0,704,2009-08-05
684,8.0,705,2009-08-06
685,8.0,706,2009-08-07
686,8.0,707,2009-08-08
687,8.0,708,2009-08-09
688,9.0,709,2009-08-10
689,7.0,710,2009-08-11
690,7.0,711,2009-08-12
691,7.0,712,2009-08-13
692,7.0,713,2009-08-14
693,7.0,714,2009-08-15
694,8.0,715,2009-08-16
695,8.0,716,2009-08-17
696,7.0,717,2009-08-18
697,7.0,718,2009-08-19
698,8.0,719,2009-08-20
699,7.0,720,2009-08-21
700,7.0,721,2009-08-22
701,8.0,722,2009-08-23
702,8.0,723,2009-08-24
703,7.0,724,2009-08-25
704,7.0,725,2009-08-26
705,8.0,726,2009-08-27
706,8.0,727,2009-08-28
707,8.0,728,2009-08-29
708,8.0,729,2009-08-30
709,9.0,730,2009-08-31
710,8.0,731,2009-09-01
711,7.0,732,2009-09-02
712,8.0,733,2009-09-03
713,8.0,734,2009-09-04
714,8.0,735,2009-09-05
715,9.0,736,2009-09-06
716,9.0,737,2009-09-07
717,8.0,738,2009-09-08
718,8.0,739,2009-09-09
719,9.0,740,2009-09-10
720,9.0,741,2009-09-11
721,9.0,742,2009-09-12
722,9.0,743,2009-09-13
723,9.0,744,2009-09-14
724,8.0,745,2009-09-15
725,7.0,746,2009-09-16
726,8.0,747,2009-09-17
727,7.0,748,2009-09-18
728,7.0,749,2009-09-19
729,8.0,750,2009-09-20
730,8.0,751,2009-09-21
731,7.0,752,2009-09-22
732,7.0,753,2009-09-23
733,8.0,754,2009-09-24
734,8.0,755,2009-09-25
735,8.0,756,2009-09-26
736,8.0,757,2009-09-27
737,9.0,758,2009-09-28
738,8.0,759,2009-09-29
739,7.0,760,2009-09-30
740,8.0,761,2009-10-01
741,8.0,762,2009-10-02
742,7.0,763,2009-10-03
743,8.0,764,2009-10-04
744,9.0,765,2009-10-05
745,8.0,766,2009-10-06
746,7.0,767,2009-10-07
747,7.0,768,2009-10-08
748,7.0,769,2009-10-09
749,7.0,770,2009-10-10
750,8.0,771,2009-10-11
751,9.0,772,2009-10-12
752,7.0,773,2009-10-13
753,7.0,774,2009-10-14
754,8.0,775,2009-10-15
755,8.0,776,2009-10-16
756,8.0,777,2009-10-17
757,8.0,778,2009-10-18
758,9.0,779,2009-10-19
759,7.0,780,2009-10-20
760,7.0,781,2009-10-21
761,8.0,782,2009-10-22
762,8.0,783,2009-10-23
763,8.0,784,2009-10-24
764,8.0,785,2009-10-25
765,9.0,786,2009-10-26
766,8.0,787,2009-10-27
767,7.0,788,2009-10-28
768,9.0,789,2009-10-29
769,9.0,790,2009-10-30
770,9.0,791,2009-10-31
771,9.0,792,2009-11-01
772,10.0,793,2009-11-02
773,8.0,794,2009-11-03
774,8.0,795,2009-11-04
775,9.0,796,2009-11-05
776,9.0,797,2009-11-06
777,8.0,798,2009-11-07
778,8.0,799,2009-11-08
779,9.0,800,2009-11-09
780,7.0,801,2009-11-10
781,7.0,802,2009-11-11
782,8.0,803,2009-11-12
783,7.0,804,2009-11-13
784,7.0,805,2009-11-14
785,7.0,806,2009-11-15
786,8.0,807,2009-11-16
787,7.0,808,2009-11-17
788,7.0,809,2009-11-18
789,8.0,810,2009-11-19
790,8.0,811,2009-11-20
791,8.0,812,2009-11-21
792,8.0,813,2009-11-22
793,8.0,814,2009-11-23
794,7.0,815,2009-11-24
795,7.0,816,2009-11-25
796,8.0,817,2009-11-26
797,7.0,818,2009-11-27
798,7.0,819,2009-11-28
799,7.0,820,2009-11-29
800,8.0,821,2009-11-30
801,7.0,822,2009-12-01
802,7.0,823,2009-12-02
803,7.0,824,2009-12-03
804,7.0,825,2009-12-04
805,7.0,826,2009-12-05
806,8.0,827,2009-12-06
807,9.0,828,2009-12-07
808,7.0,829,2009-12-08
809,7.0,830,2009-12-09
810,8.0,831,2009-12-10
811,8.0,832,2009-12-11
812,8.0,833,2009-12-12
813,9.0,834,2009-12-13
814,10.0,835,2009-12-14
815,8.0,836,2009-12-15
816,7.0,837,2009-12-16
817,8.0,838,2009-12-17
818,9.0,839,2009-12-18
819,8.0,840,2009-12-19
820,9.0,841,2009-12-20
821,9.0,842,2009-12-21
822,8.0,843,2009-12-22
823,8.0,844,2009-12-23
824,8.0,845,2009-12-24
825,8.0,846,2009-12-25
826,7.0,847,2009-12-26
827,7.0,848,2009-12-27
828,8.0,849,2009-12-28
829,7.0,850,2009-12-29
830,7.0,851,2009-12-30
831,8.0,852,2009-12-31
832,7.0,853,2010-01-01
833,8.0,854,2010-01-02
834,8.0,855,2010-01-03
835,8.0,856,2010-01-04
836,7.0,857,2010-01-05
837,6.0,858,2010-01-06
838,7.0,859,2010-01-07
839,7.0,860,2010-01-08
840,7.0,861,2010-01-09
841,7.0,862,2010-01-10
842,8.0,863,2010-01-11
843,7.0,864,2010-01-12
844,6.0,865,2010-01-13
845,7.0,866,2010-01-14
846,7.0,867,2010-01-15
847,7.0,868,2010-01-16
848,7.0,869,2010-01-17
849,8.0,870,2010-01-18
850,7.0,871,2010-01-19
851,7.0,872,2010-01-20
852,8.0,873,2010-01-21
853,8.0,874,2010-01-22
854,8.0,875,2010-01-23
855,8.0,876,2010-01-24
856,9.0,877,2010-01-25
857,7.0,878,2010-01-26
858,7.0,879,2010-01-27
859,7.0,880,2010-01-28
860,7.0,881,2010-01-29
861,8.0,882,2010-01-30
862,8.0,883,2010-01-31
863,8.0,884,2010-02-01
864,7.0,885,2010-02-02
865,7.0,886,2010-02-03
866,8.0,887,2010-02-04
867,7.0,888,2010-02-05
868,7.0,889,2010-02-06
869,7.0,890,2010-02-07
870,8.0,891,2010-02-08
871,7.0,892,2010-02-09
872,7.0,893,2010-02-10
873,8.0,894,2010-02-11
874,8.0,895,2010-02-12
875,8.0,896,2010-02-13
876,8.0,897,2010-02-14
877,9.0,898,2010-02-15
878,7.0,899,2010-02-16
879,7.0,900,2010-02-17
880,7.0,901,2010-02-18
881,7.0,902,2010-02-19
882,7.0,903,2010-02-20
883,7.0,904,2010-02-21
884,8.0,905,2010-02-22
885,7.0,906,2010-02-23
886,7.0,907,2010-02-24
887,7.0,908,2010-02-25
888,7.0,909,2010-02-26
889,7.0,910,2010-02-27
890,7.0,911,2010-02-28
891,9.0,912,2010-03-01
892,7.0,913,2010-03-02
893,7.0,914,2010-03-03
894,7.0,915,2010-03-04
895,8.0,916,2010-03-05
896,7.0,917,2010-03-06
897,8.0,918,2010-03-07
898,8.0,919,2010-03-08
899,8.0,920,2010-03-09
900,7.0,921,2010-03-10
901,8.0,922,2010-03-11
902,8.0,923,2010-03-12
903,8.0,924,2010-03-13
904,9.0,925,2010-03-14
905,9.0,926,2010-03-15
906,8.0,927,2010-03-16
907,8.0,928,2010-03-17
908,8.0,929,2010-03-18
909,7.0,930,2010-03-19
910,7.0,931,2010-03-20
911,7.0,932,2010-03-21
912,8.0,933,2010-03-22
913,7.0,934,2010-03-23
914,7.0,935,2010-03-24
915,7.0,936,2010-03-25
916,6.0,937,2010-03-26
917,6.0,938,2010-03-27
918,7.0,939,2010-03-28
919,8.0,940,2010-03-29
920,7.0,941,2010-03-30
921,6.0,942,2010-03-31
922,7.0,943,2010-04-01
923,7.0,944,2010-04-02
924,7.0,945,2010-04-03
925,7.0,946,2010-04-04
926,8.0,947,2010-04-05
927,7.0,948,2010-04-06
928,7.0,949,2010-04-07
929,8.0,950,2010-04-08
930,8.0,951,2010-04-09
931,8.0,952,2010-04-10
932,8.0,953,2010-04-11
933,9.0,954,2010-04-12
934,8.0,955,2010-04-13
935,7.0,956,2010-04-14
936,7.0,957,2010-04-15
937,7.0,958,2010-04-16
938,7.0,959,2010-04-17
939,7.0,960,2010-04-18
940,8.0,961,2010-04-19
941,7.0,962,2010-04-20
942,7.0,963,2010-04-21
943,8.0,964,2010-04-22
944,8.0,965,2010-04-23
945,7.0,966,2010-04-24
946,8.0,967,2010-04-25
947,9.0,968,2010-04-26
948,8.0,969,2010-04-27
949,8.0,970,2010-04-28
950,9.0,971,2010-04-29
951,9.0,972,2010-04-30
952,9.0,973,2010-05-01
953,9.0,974,2010-05-02
954,9.0,975,2010-05-03
955,8.0,976,2010-05-04
956,8.0,977,2010-05-05
957,8.0,978,2010-05-06
958,8.0,979,2010-05-07
959,8.0,980,2010-05-08
960,8.0,981,2010-05-09
961,9.0,982,2010-05-10
962,7.0,983,2010-05-11
963,7.0,984,2010-05-12
964,8.0,985,2010-05-13
965,7.0,986,2010-05-14
966,7.0,987,2010-05-15
967,7.0,988,2010-05-16
968,8.0,989,2010-05-17
969,7.0,990,2010-05-18
970,7.0,991,2010-05-19
971,8.0,992,2010-05-20
972,8.0,993,2010-05-21
973,8.0,994,2010-05-22
974,8.0,995,2010-05-23
975,9.0,996,2010-05-24
976,8.0,997,2010-05-25
977,7.0,998,2010-05-26
978,8.0,999,2010-05-27
979,8.0,1000,2010-05-28
980,8.0,1001,2010-05-29
981,8.0,1002,2010-05-30
982,9.0,1003,2010-05-31
983,8.0,1004,2010-06-01
984,7.0,1005,2010-06-02
985,8.0,1006,2010-06-03
986,8.0,1007,2010-06-04
987,8.0,1008,2010-06-05
988,8.0,1009,2010-06-06
989,9.0,1010,2010-06-07
990,8.0,1011,2010-06-08
991,8.0,1012,2010-06-09
992,9.0,1013,2010-06-10
993,8.0,1014,2010-06-11
994,8.0,1015,2010-06-12
995,8.0,1016,2010-06-13
996,9.0,1017,2010-06-14
997,7.0,1018,2010-06-15
998,7.0,1019,2010-06-16
999,8.0,1020,2010-06-17
1000,8.0,1021,2010-06-18
1001,8.0,1022,2010-06-19
1002,8.0,1023,2010-06-20
1003,9.0,1024,2010-06-21
1004,8.0,1025,2010-06-22
1005,7.0,1026,2010-06-23
1006,9.0,1027,2010-06-24
1007,8.0,1028,2010-06-25
1008,8.0,1029,2010-06-26
1009,8.0,1030,2010-06-27
1010,9.0,1031,2010-06-28
1011,7.0,1032,2010-06-29
1012,7.0,1033,2010-06-30
1013,8.0,1034,2010-07-01
1014,8.0,1035,2010-07-02
1015,8.0,1036,2010-07-03
1016,8.0,1037,2010-07-04
1017,9.0,1038,2010-07-05
1018,8.0,1039,2010-07-06
1019,8.0,1040,2010-07-07
1020,9.0,1041,2010-07-08
1021,8.0,1042,2010-07-09
1022,8.0,1043,2010-07-10
1023,9.0,1044,2010-07-11
1024,10.0,1045,2010-07-12
1025,9.0,1046,2010-07-13
1026,8.0,1047,2010-07-14
1027,9.0,1048,2010-07-15
1028,8.0,1049,2010-07-16
1029,9.0,1050,2010-07-17
1030,9.0,1051,2010-07-18
1031,10.0,1052,2010-07-19
1032,8.0,1053,2010-07-20
1033,7.0,1054,2010-07-21
1034,8.0,1055,2010-07-22
1035,8.0,1056,2010-07-23
1036,8.0,1057,2010-07-24
1037,8.0,1058,2010-07-25
1038,9.0,1059,2010-07-26
1039,8.0,1060,2010-07-27
1040,7.0,1061,2010-07-28
1041,8.0,1062,2010-07-29
1042,8.0,1063,2010-07-30
1043,8.0,1064,2010-07-31
1044,8.0,1065,2010-08-01
1045,9.0,1066,2010-08-02
1046,7.0,1067,2010-08-03
1047,7.0,1068,2010-08-04
1048,8.0,1069,2010-08-05
1049,7.0,1070,2010-08-06
1050,8.0,1071,2010-08-07
1051,8.0,1072,2010-08-08
1052,9.0,1073,2010-08-09
1053,7.0,1074,2010-08-10
1054,7.0,1075,2010-08-11
1055,8.0,1076,2010-08-12
1056,7.0,1077,2010-08-13
1057,7.0,1078,2010-08-14
1058,8.0,1079,2010-08-15
1059,8.0,1080,2010-08-16
1060,7.0,1081,2010-08-17
1061,7.0,1082,2010-08-18
1062,8.0,1083,2010-08-19
1063,7.0,1084,2010-08-20
1064,7.0,1085,2010-08-21
1065,7.0,1086,2010-08-22
1066,8.0,1087,2010-08-23
1067,7.0,1088,2010-08-24
1068,7.0,1089,2010-08-25
1069,8.0,1090,2010-08-26
1070,7.0,1091,2010-08-27
1071,7.0,1092,2010-08-28
1072,8.0,1093,2010-08-29
1073,9.0,1094,2010-08-30
1074,7.0,1095,2010-08-31
1075,7.0,1096,2010-09-01
1076,7.0,1097,2010-09-02
1077,7.0,1098,2010-09-03
1078,7.0,1099,2010-09-04
1079,7.0,1100,2010-09-05
1080,8.0,1101,2010-09-06
1081,7.0,1102,2010-09-07
1082,7.0,1103,2010-09-08
1083,7.0,1104,2010-09-09
1084,7.0,1105,2010-09-10
1085,7.0,1106,2010-09-11
1086,8.0,1107,2010-09-12
1087,8.0,1108,2010-09-13
1088,7.0,1109,2010-09-14
1089,7.0,1110,2010-09-15
1090,8.0,1111,2010-09-16
1091,7.0,1112,2010-09-17
1092,7.0,1113,2010-09-18
1093,8.0,1114,2010-09-19
1094,9.0,1115,2010-09-20
1095,8.0,1116,2010-09-21
1096,8.0,1117,2010-09-22
1097,8.0,1118,2010-09-23
1098,9.0,1119,2010-09-24
1099,9.0,1120,2010-09-25
1100,9.0,1121,2010-09-26
1101,10.0,1122,2010-09-27
1102,8.0,1123,2010-09-28
1103,8.0,1124,2010-09-29
1104,9.0,1125,2010-09-30
1105,9.0,1126,2010-10-01
1106,9.0,1127,2010-10-02
1107,9.0,1128,2010-10-03
1108,10.0,1129,2010-10-04
1109,8.0,1130,2010-10-05
1110,7.0,1131,2010-10-06
1111,8.0,1132,2010-10-07
1112,7.0,1133,2010-10-08
1113,7.0,1134,2010-10-09
1114,8.0,1135,2010-10-10
1115,9.0,1136,2010-10-11
1116,7.0,1137,2010-10-12
1117,7.0,1138,2010-10-13
1118,8.0,1139,2010-10-14
1119,8.0,1140,2010-10-15
1120,8.0,1141,2010-10-16
1121,9.0,1142,2010-10-17
1122,9.0,1143,2010-10-18
1123,8.0,1144,2010-10-19
1124,8.0,1145,2010-10-20
1125,9.0,1146,2010-10-21
1126,9.0,1147,2010-10-22
1127,9.0,1148,2010-10-23
1128,9.0,1149,2010-10-24
1129,10.0,1150,2010-10-25
1130,8.0,1151,2010-10-26
1131,8.0,1152,2010-10-27
1132,8.0,1153,2010-10-28
1133,8.0,1154,2010-10-29
1134,8.0,1155,2010-10-30
1135,9.0,1156,2010-10-31
1136,10.0,1157,2010-11-01
1137,8.0,1158,2010-11-02
1138,8.0,1159,2010-11-03
1139,9.0,1160,2010-11-04
1140,9.0,1161,2010-11-05
1141,9.0,1162,2010-11-06
1142,9.0,1163,2010-11-07
1143,10.0,1164,2010-11-08
1144,8.0,1165,2010-11-09
1145,7.0,1166,2010-11-10
1146,9.0,1167,2010-11-11
1147,9.0,1168,2010-11-12
1148,9.0,1169,2010-11-13
1149,9.0,1170,2010-11-14
1150,10.0,1171,2010-11-15
1151,8.0,1172,2010-11-16
1152,7.0,1173,2010-11-17
1153,7.0,1174,2010-11-18
1154,7.0,1175,2010-11-19
1155,7.0,1176,2010-11-20
1156,8.0,1177,2010-11-21
1157,9.0,1178,2010-11-22
1158,8.0,1179,2010-11-23
1159,8.0,1180,2010-11-24
1160,9.0,1181,2010-11-25
1161,9.0,1182,2010-11-26
1162,9.0,1183,2010-11-27
1163,9.0,1184,2010-11-28
1164,10.0,1185,2010-11-29
1165,8.0,1186,2010-11-30
1166,8.0,1187,2010-12-01
1167,9.0,1188,2010-12-02
1168,8.0,1189,2010-12-03
1169,8.0,1190,2010-12-04
1170,9.0,1191,2010-12-05
1171,10.0,1192,2010-12-06
1172,8.0,1193,2010-12-07
1173,7.0,1194,2010-12-08
1174,8.0,1195,2010-12-09
1175,7.0,1196,2010-12-10
1176,7.0,1197,2010-12-11
1177,9.0,1198,2010-12-12
1178,9.0,1199,2010-12-13
1179,9.0,1200,2010-12-14
1180,8.0,1201,2010-12-15
1181,10.0,1202,2010-12-16
1182,10.0,1203,2010-12-17
1183,10.0,1204,2010-12-18
1184,10.0,1205,2010-12-19
1185,10.0,1206,2010-12-20
1186,8.0,1207,2010-12-21
1187,7.0,1208,2010-12-22
1188,9.0,1209,2010-12-23
1189,8.0,1210,2010-12-24
1190,8.0,1211,2010-12-25
1191,8.0,1212,2010-12-26
1192,9.0,1213,2010-12-27
1193,8.0,1214,2010-12-28
1194,7.0,1215,2010-12-29
1195,8.0,1216,2010-12-30
1196,8.0,1217,2010-12-31
1197,8.0,1218,2011-01-01
1198,8.0,1219,2011-01-02
1199,9.0,1220,2011-01-03
1200,8.0,1221,2011-01-04
1201,7.0,1222,2011-01-05
1202,8.0,1223,2011-01-06
1203,7.0,1224,2011-01-07
1204,7.0,1225,2011-01-08
1205,7.0,1226,2011-01-09
1206,8.0,1227,2011-01-10
1207,7.0,1228,2011-01-11
1208,7.0,1229,2011-01-12
1209,8.0,1230,2011-01-13
1210,9.0,1231,2011-01-14
1211,9.0,1232,2011-01-15
1212,9.0,1233,2011-01-16
1213,10.0,1234,2011-01-17
1214,9.0,1235,2011-01-18
1215,8.0,1236,2011-01-19
1216,8.0,1237,2011-01-20
1217,8.0,1238,2011-01-21
1218,8.0,1239,2011-01-22
1219,9.0,1240,2011-01-23
1220,9.0,1241,2011-01-24
1221,7.0,1242,2011-01-25
1222,7.0,1243,2011-01-26
1223,7.0,1244,2011-01-27
1224,7.0,1245,2011-01-28
1225,7.0,1246,2011-01-29
1226,7.0,1247,2011-01-30
1227,8.0,1248,2011-01-31
1228,7.0,1249,2011-02-01
1229,7.0,1250,2011-02-02
1230,8.0,1251,2011-02-03
1231,8.0,1252,2011-02-04
1232,8.0,1253,2011-02-05
1233,8.0,1254,2011-02-06
1234,9.0,1255,2011-02-07
1235,8.0,1256,2011-02-08
1236,8.0,1257,2011-02-09
1237,9.0,1258,2011-02-10
1238,9.0,1259,2011-02-11
1239,9.0,1260,2011-02-12
1240,9.0,1261,2011-02-13
1241,10.0,1262,2011-02-14
1242,8.0,1263,2011-02-15
1243,8.0,1264,2011-02-16
1244,8.0,1265,2011-02-17
1245,7.0,1266,2011-02-18
1246,8.0,1267,2011-02-19
1247,8.0,1268,2011-02-20
1248,10.0,1269,2011-02-21
1249,9.0,1270,2011-02-22
1250,8.0,1271,2011-02-23
1251,10.0,1272,2011-02-24
1252,11.0,1273,2011-02-25
1253,10.0,1274,2011-02-26
1254,10.0,1275,2011-02-27
1255,11.0,1276,2011-02-28
1256,9.0,1277,2011-03-01
1257,8.0,1278,2011-03-02
1258,9.0,1279,2011-03-03
1259,8.0,1280,2011-03-04
1260,8.0,1281,2011-03-05
1261,8.0,1282,2011-03-06
1262,9.0,1283,2011-03-07
1263,8.0,1284,2011-03-08
1264,7.0,1285,2011-03-09
1265,8.0,1286,2011-03-10
1266,8.0,1287,2011-03-11
1267,8.0,1288,2011-03-12
1268,8.0,1289,2011-03-13
1269,10.0,1290,2011-03-14
1270,8.0,1291,2011-03-15
1271,7.0,1292,2011-03-16
1272,8.0,1293,2011-03-17
1273,8.0,1294,2011-03-18
1274,8.0,1295,2011-03-19
1275,9.0,1296,2011-03-20
1276,10.0,1297,2011-03-21
1277,8.0,1298,2011-03-22
1278,7.0,1299,2011-03-23
1279,8.0,1300,2011-03-24
1280,7.0,1301,2011-03-25
1281,8.0,1302,2011-03-26
1282,8.0,1303,2011-03-27
1283,9.0,1304,2011-03-28
1284,7.0,1305,2011-03-29
1285,7.0,1306,2011-03-30
1286,8.0,1307,2011-03-31
1287,8.0,1308,2011-04-01
1288,8.0,1309,2011-04-02
1289,9.0,1310,2011-04-03
1290,9.0,1311,2011-04-04
1291,8.0,1312,2011-04-05
1292,8.0,1313,2011-04-06
1293,9.0,1314,2011-04-07
1294,9.0,1315,2011-04-08
1295,9.0,1316,2011-04-09
1296,10.0,1317,2011-04-10
1297,10.0,1318,2011-04-11
1298,9.0,1319,2011-04-12
1299,8.0,1320,2011-04-13
1300,8.0,1321,2011-04-14
1301,9.0,1322,2011-04-15
1302,9.0,1323,2011-04-16
1303,10.0,1324,2011-04-17
1304,10.0,1325,2011-04-18
1305,8.0,1326,2011-04-19
1306,8.0,1327,2011-04-20
1307,8.0,1328,2011-04-21
1308,7.0,1329,2011-04-22
1309,7.0,1330,2011-04-23
1310,7.0,1331,2011-04-24
1311,9.0,1332,2011-04-25
1312,7.0,1333,2011-04-26
1313,7.0,1334,2011-04-27
1314,8.0,1335,2011-04-28
1315,8.0,1336,2011-04-29
1316,8.0,1337,2011-04-30
1317,8.0,1338,2011-05-01
1318,9.0,1339,2011-05-02
1319,8.0,1340,2011-05-03
1320,7.0,1341,2011-05-04
1321,8.0,1342,2011-05-05
1322,8.0,1343,2011-05-06
1323,8.0,1344,2011-05-07
1324,8.0,1345,2011-05-08
1325,8.0,1346,2011-05-09
1326,7.0,1347,2011-05-10
1327,7.0,1348,2011-05-11
1328,8.0,1349,2011-05-12
1329,9.0,1350,2011-05-13
1330,9.0,1351,2011-05-14
1331,9.0,1352,2011-05-15
1332,9.0,1353,2011-05-16
1333,8.0,1354,2011-05-17
1334,8.0,1355,2011-05-18
1335,8.0,1356,2011-05-19
1336,7.0,1357,2011-05-20
1337,7.0,1358,2011-05-21
1338,8.0,1359,2011-05-22
1339,9.0,1360,2011-05-23
1340,8.0,1361,2011-05-24
1341,7.0,1362,2011-05-25
1342,9.0,1363,2011-05-26
1343,8.0,1364,2011-05-27
1344,8.0,1365,2011-05-28
1345,9.0,1366,2011-05-29
1346,9.0,1367,2011-05-30
1347,7.0,1368,2011-05-31
1348,7.0,1369,2011-06-01
1349,9.0,1370,2011-06-02
1350,9.0,1371,2011-06-03
1351,8.0,1372,2011-06-04
1352,9.0,1373,2011-06-05
1353,10.0,1374,2011-06-06
1354,8.0,1375,2011-06-07
1355,8.0,1376,2011-06-08
1356,9.0,1377,2011-06-09
1357,9.0,1378,2011-06-10
1358,9.0,1379,2011-06-11
1359,10.0,1380,2011-06-12
1360,11.0,1381,2011-06-13
1361,9.0,1382,2011-06-14
1362,8.0,1383,2011-06-15
1363,9.0,1384,2011-06-16
1364,8.0,1385,2011-06-17
1365,8.0,1386,2011-06-18
1366,9.0,1387,2011-06-19
1367,10.0,1388,2011-06-20
1368,8.0,1389,2011-06-21
1369,8.0,1390,2011-06-22
1370,9.0,1391,2011-06-23
1371,9.0,1392,2011-06-24
1372,9.0,1393,2011-06-25
1373,9.0,1394,2011-06-26
1374,9.0,1395,2011-06-27
1375,8.0,1396,2011-06-28
1376,8.0,1397,2011-06-29
1377,9.0,1398,2011-06-30
1378,9.0,1399,2011-07-01
1379,8.0,1400,2011-07-02
1380,9.0,1401,2011-07-03
1381,9.0,1402,2011-07-04
1382,8.0,1403,2011-07-05
1383,7.0,1404,2011-07-06
1384,9.0,1405,2011-07-07
1385,8.0,1406,2011-07-08
1386,9.0,1407,2011-07-09
1387,9.0,1408,2011-07-10
1388,9.0,1409,2011-07-11
1389,8.0,1410,2011-07-12
1390,7.0,1411,2011-07-13
1391,9.0,1412,2011-07-14
1392,9.0,1413,2011-07-15
1393,8.0,1414,2011-07-16
1394,8.0,1415,2011-07-17
1395,9.0,1416,2011-07-18
1396,8.0,1417,2011-07-19
1397,7.0,1418,2011-07-20
1398,8.0,1419,2011-07-21
1399,8.0,1420,2011-07-22
1400,9.0,1421,2011-07-23
1401,9.0,1422,2011-07-24
1402,9.0,1423,2011-07-25
1403,8.0,1424,2011-07-26
1404,7.0,1425,2011-07-27
1405,9.0,1426,2011-07-28
1406,8.0,1427,2011-07-29
1407,8.0,1428,2011-07-30
1408,8.0,1429,2011-07-31
1409,9.0,1430,2011-08-01
1410,7.0,1431,2011-08-02
1411,7.0,1432,2011-08-03
1412,8.0,1433,2011-08-04
1413,8.0,1434,2011-08-05
1414,8.0,1435,2011-08-06
1415,8.0,1436,2011-08-07
1416,9.0,1437,2011-08-08
1417,7.0,1438,2011-08-09
1418,7.0,1439,2011-08-10
1419,8.0,1440,2011-08-11
1420,7.0,1441,2011-08-12
1421,8.0,1442,2011-08-13
1422,8.0,1443,2011-08-14
1423,9.0,1444,2011-08-15
1424,7.0,1445,2011-08-16
1425,7.0,1446,2011-08-17
1426,7.0,1447,2011-08-18
1427,7.0,1448,2011-08-19
1428,7.0,1449,2011-08-20
1429,7.0,1450,2011-08-21
1430,8.0,1451,2011-08-22
1431,7.0,1452,2011-08-23
1432,6.0,1453,2011-08-24
1433,7.0,1454,2011-08-25
1434,7.0,1455,2011-08-26
1435,7.0,1456,2011-08-27
1436,8.0,1457,2011-08-28
1437,8.0,1458,2011-08-29
1438,7.0,1459,2011-08-30
1439,7.0,1460,2011-08-31
1440,8.0,1461,2011-09-01
1441,7.0,1462,2011-09-02
1442,8.0,1463,2011-09-03
1443,8.0,1464,2011-09-04
1444,8.0,1465,2011-09-05
1445,7.0,1466,2011-09-06
1446,7.0,1467,2011-09-07
1447,8.0,1468,2011-09-08
1448,8.0,1469,2011-09-09
1449,8.0,1470,2011-09-10
1450,8.0,1471,2011-09-11
1451,9.0,1472,2011-09-12
1452,8.0,1473,2011-09-13
1453,7.0,1474,2011-09-14
1454,8.0,1475,2011-09-15
1455,8.0,1476,2011-09-16
1456,8.0,1477,2011-09-17
1457,8.0,1478,2011-09-18
1458,9.0,1479,2011-09-19
1459,8.0,1480,2011-09-20
1460,7.0,1481,2011-09-21
1461,8.0,1482,2011-09-22
1462,8.0,1483,2011-09-23
1463,8.0,1484,2011-09-24
1464,9.0,1485,2011-09-25
1465,10.0,1486,2011-09-26
1466,8.0,1487,2011-09-27
1467,7.0,1488,2011-09-28
1468,8.0,1489,2011-09-29
1469,8.0,1490,2011-09-30
1470,8.0,1491,2011-10-01
1471,9.0,1492,2011-10-02
1472,10.0,1493,2011-10-03
1473,8.0,1494,2011-10-04
1474,7.0,1495,2011-10-05
1475,8.0,1496,2011-10-06
1476,8.0,1497,2011-10-07
1477,8.0,1498,2011-10-08
1478,8.0,1499,2011-10-09
1479,9.0,1500,2011-10-10
1480,8.0,1501,2011-10-11
1481,7.0,1502,2011-10-12
1482,8.0,1503,2011-10-13
1483,8.0,1504,2011-10-14
1484,7.0,1505,2011-10-15
1485,8.0,1506,2011-10-16
1486,9.0,1507,2011-10-17
1487,8.0,1508,2011-10-18
1488,7.0,1509,2011-10-19
1489,8.0,1510,2011-10-20
1490,7.0,1511,2011-10-21
1491,8.0,1512,2011-10-22
1492,8.0,1513,2011-10-23
1493,10.0,1514,2011-10-24
1494,8.0,1515,2011-10-25
1495,7.0,1516,2011-10-26
1496,8.0,1517,2011-10-27
1497,7.0,1518,2011-10-28
1498,8.0,1519,2011-10-29
1499,9.0,1520,2011-10-30
1500,9.0,1521,2011-10-31
1501,8.0,1522,2011-11-01
1502,8.0,1523,2011-11-02
1503,8.0,1524,2011-11-03
1504,8.0,1525,2011-11-04
1505,8.0,1526,2011-11-05
1506,8.0,1527,2011-11-06
1507,9.0,1528,2011-11-07
1508,8.0,1529,2011-11-08
1509,7.0,1530,2011-11-09
1510,8.0,1531,2011-11-10
1511,7.0,1532,2011-11-11
1512,8.0,1533,2011-11-12
1513,8.0,1534,2011-11-13
1514,9.0,1535,2011-11-14
1515,8.0,1536,2011-11-15
1516,7.0,1537,2011-11-16
1517,8.0,1538,2011-11-17
1518,9.0,1539,2011-11-18
1519,9.0,1540,2011-11-19
1520,9.0,1541,2011-11-20
1521,9.0,1542,2011-11-21
1522,8.0,1543,2011-11-22
1523,7.0,1544,2011-11-23
1524,8.0,1545,2011-11-24
1525,8.0,1546,2011-11-25
1526,9.0,1547,2011-11-26
1527,10.0,1548,2011-11-27
1528,11.0,1549,2011-11-28
1529,9.0,1550,2011-11-29
1530,8.0,1551,2011-11-30
1531,9.0,1552,2011-12-01
1532,8.0,1553,2011-12-02
1533,8.0,1554,2011-12-03
1534,8.0,1555,2011-12-04
1535,9.0,1556,2011-12-05
1536,8.0,1557,2011-12-06
1537,7.0,1558,2011-12-07
1538,8.0,1559,2011-12-08
1539,8.0,1560,2011-12-09
1540,8.0,1561,2011-12-10
1541,8.0,1562,2011-12-11
1542,8.0,1563,2011-12-12
1543,7.0,1564,2011-12-13
1544,7.0,1565,2011-12-14
1545,8.0,1566,2011-12-15
1546,8.0,1567,2011-12-16
1547,8.0,1568,2011-12-17
1548,8.0,1569,2011-12-18
1549,9.0,1570,2011-12-19
1550,8.0,1571,2011-12-20
1551,7.0,1572,2011-12-21
1552,8.0,1573,2011-12-22
1553,8.0,1574,2011-12-23
1554,8.0,1575,2011-12-24
1555,8.0,1576,2011-12-25
1556,9.0,1577,2011-12-26
1557,8.0,1578,2011-12-27
1558,7.0,1579,2011-12-28
1559,8.0,1580,2011-12-29
1560,8.0,1581,2011-12-30
1561,7.0,1582,2011-12-31
1562,8.0,1583,2012-01-01
1563,9.0,1584,2012-01-02
1564,7.0,1585,2012-01-03
1565,7.0,1586,2012-01-04
1566,7.0,1587,2012-01-05
1567,7.0,1588,2012-01-06
1568,7.0,1589,2012-01-07
1569,8.0,1590,2012-01-08
1570,8.0,1591,2012-01-09
1571,8.0,1592,2012-01-10
1572,7.0,1593,2012-01-11
1573,9.0,1594,2012-01-12
1574,9.0,1595,2012-01-13
1575,8.0,1596,2012-01-14
1576,9.0,1597,2012-01-15
1577,10.0,1598,2012-01-16
1578,8.0,1599,2012-01-17
1579,7.0,1600,2012-01-18
1580,9.0,1601,2012-01-19
1581,9.0,1602,2012-01-20
1582,8.0,1603,2012-01-21
1583,9.0,1604,2012-01-22
1584,9.0,1605,2012-01-23
1585,9.0,1606,2012-01-24
1586,8.0,1607,2012-01-25
1587,9.0,1608,2012-01-26
1588,9.0,1609,2012-01-27
1589,9.0,1610,2012-01-28
1590,8.0,1611,2012-01-29
1591,9.0,1612,2012-01-30
1592,8.0,1613,2012-01-31
1593,7.0,1614,2012-02-01
1594,8.0,1615,2012-02-02
1595,8.0,1616,2012-02-03
1596,7.0,1617,2012-02-04
1597,8.0,1618,2012-02-05
1598,8.0,1619,2012-02-06
1599,7.0,1620,2012-02-07
1600,7.0,1621,2012-02-08
1601,8.0,1622,2012-02-09
1602,8.0,1623,2012-02-10
1603,8.0,1624,2012-02-11
1604,8.0,1625,2012-02-12
1605,8.0,1626,2012-02-13
1606,7.0,1627,2012-02-14
1607,7.0,1628,2012-02-15
1608,8.0,1629,2012-02-16
1609,7.0,1630,2012-02-17
1610,8.0,1631,2012-02-18
1611,8.0,1632,2012-02-19
1612,9.0,1633,2012-02-20
1613,7.0,1634,2012-02-21
1614,7.0,1635,2012-02-22
1615,8.0,1636,2012-02-23
1616,8.0,1637,2012-02-24
1617,7.0,1638,2012-02-25
1618,8.0,1639,2012-02-26
1619,8.0,1640,2012-02-27
1620,7.0,1641,2012-02-28
1621,7.0,1642,2012-02-29
1622,8.0,1643,2012-03-01
1623,8.0,1644,2012-03-02
1624,8.0,1645,2012-03-03
1625,8.0,1646,2012-03-04
1626,9.0,1647,2012-03-05
1627,8.0,1648,2012-03-06
1628,8.0,1649,2012-03-07
1629,8.0,1650,2012-03-08
1630,8.0,1651,2012-03-09
1631,8.0,1652,2012-03-10
1632,9.0,1653,2012-03-11
1633,9.0,1654,2012-03-12
1634,8.0,1655,2012-03-13
1635,7.0,1656,2012-03-14
1636,8.0,1657,2012-03-15
1637,8.0,1658,2012-03-16
1638,8.0,1659,2012-03-17
1639,8.0,1660,2012-03-18
1640,9.0,1661,2012-03-19
1641,8.0,1662,2012-03-20
1642,7.0,1663,2012-03-21
1643,7.0,1664,2012-03-22
1644,7.0,1665,2012-03-23
1645,7.0,1666,2012-03-24
1646,8.0,1667,2012-03-25
1647,8.0,1668,2012-03-26
1648,7.0,1669,2012-03-27
1649,7.0,1670,2012-03-28
1650,8.0,1671,2012-03-29
1651,7.0,1672,2012-03-30
1652,7.0,1673,2012-03-31
1653,8.0,1674,2012-04-01
1654,9.0,1675,2012-04-02
1655,7.0,1676,2012-04-03
1656,7.0,1677,2012-04-04
1657,7.0,1678,2012-04-05
1658,7.0,1679,2012-04-06
1659,7.0,1680,2012-04-07
1660,7.0,1681,2012-04-08
1661,8.0,1682,2012-04-09
1662,7.0,1683,2012-04-10
1663,6.0,1684,2012-04-11
1664,7.0,1685,2012-04-12
1665,7.0,1686,2012-04-13
1666,7.0,1687,2012-04-14
1667,7.0,1688,2012-04-15
1668,8.0,1689,2012-04-16
1669,7.0,1690,2012-04-17
1670,7.0,1691,2012-04-18
1671,7.0,1692,2012-04-19
1672,7.0,1693,2012-04-20
1673,7.0,1694,2012-04-21
1674,8.0,1695,2012-04-22
1675,8.0,1696,2012-04-23
1676,8.0,1697,2012-04-24
1677,7.0,1698,2012-04-25
1678,7.0,1699,2012-04-26
1679,7.0,1700,2012-04-27
1680,7.0,1701,2012-04-28
1681,8.0,1702,2012-04-29
1682,9.0,1703,2012-04-30
1683,7.0,1704,2012-05-01
1684,7.0,1705,2012-05-02
1685,7.0,1706,2012-05-03
1686,7.0,1707,2012-05-04
1687,7.0,1708,2012-05-05
1688,7.0,1709,2012-05-06
1689,8.0,1710,2012-05-07
1690,7.0,1711,2012-05-08
1691,7.0,1712,2012-05-09
1692,8.0,1713,2012-05-10
1693,8.0,1714,2012-05-11
1694,9.0,1715,2012-05-12
1695,9.0,1716,2012-05-13
1696,10.0,1717,2012-05-14
1697,8.0,1718,2012-05-15
1698,8.0,1719,2012-05-16
1699,8.0,1720,2012-05-17
1700,8.0,1721,2012-05-18
1701,8.0,1722,2012-05-19
1702,9.0,1723,2012-05-20
1703,9.0,1724,2012-05-21
1704,8.0,1725,2012-05-22
1705,7.0,1726,2012-05-23
1706,8.0,1727,2012-05-24
1707,8.0,1728,2012-05-25
1708,8.0,1729,2012-05-26
1709,9.0,1730,2012-05-27
1710,10.0,1731,2012-05-28
1711,8.0,1732,2012-05-29
1712,8.0,1733,2012-05-30
1713,9.0,1734,2012-05-31
1714,9.0,1735,2012-06-01
1715,9.0,1736,2012-06-02
1716,9.0,1737,2012-06-03
1717,9.0,1738,2012-06-04
1718,8.0,1739,2012-06-05
1719,7.0,1740,2012-06-06
1720,8.0,1741,2012-06-07
1721,8.0,1742,2012-06-08
1722,7.0,1743,2012-06-09
1723,8.0,1744,2012-06-10
1724,9.0,1745,2012-06-11
1725,7.0,1746,2012-06-12
1726,7.0,1747,2012-06-13
1727,8.0,1748,2012-06-14
1728,8.0,1749,2012-06-15
1729,8.0,1750,2012-06-16
1730,8.0,1751,2012-06-17
1731,9.0,1752,2012-06-18
1732,7.0,1753,2012-06-19
1733,7.0,1754,2012-06-20
1734,8.0,1755,2012-06-21
1735,8.0,1756,2012-06-22
1736,8.0,1757,2012-06-23
1737,9.0,1758,2012-06-24
1738,10.0,1759,2012-06-25
1739,8.0,1760,2012-06-26
1740,8.0,1761,2012-06-27
1741,9.0,1762,2012-06-28
1742,9.0,1763,2012-06-29
1743,8.0,1764,2012-06-30
1744,9.0,1765,2012-07-01
1745,10.0,1766,2012-07-02
1746,8.0,1767,2012-07-03
1747,7.0,1768,2012-07-04
1748,9.0,1769,2012-07-05
1749,8.0,1770,2012-07-06
1750,8.0,1771,2012-07-07
1751,9.0,1772,2012-07-08
1752,9.0,1773,2012-07-09
1753,8.0,1774,2012-07-10
1754,7.0,1775,2012-07-11
1755,8.0,1776,2012-07-12
1756,8.0,1777,2012-07-13
1757,8.0,1778,2012-07-14
1758,9.0,1779,2012-07-15
1759,9.0,1780,2012-07-16
1760,8.0,1781,2012-07-17
1761,7.0,1782,2012-07-18
1762,8.0,1783,2012-07-19
1763,8.0,1784,2012-07-20
1764,8.0,1785,2012-07-21
1765,9.0,1786,2012-07-22
1766,9.0,1787,2012-07-23
1767,8.0,1788,2012-07-24
1768,7.0,1789,2012-07-25
1769,8.0,1790,2012-07-26
1770,7.0,1791,2012-07-27
1771,7.0,1792,2012-07-28
1772,7.0,1793,2012-07-29
1773,8.0,1794,2012-07-30
1774,7.0,1795,2012-07-31
1775,7.0,1796,2012-08-01
1776,8.0,1797,2012-08-02
1777,8.0,1798,2012-08-03
1778,8.0,1799,2012-08-04
1779,8.0,1800,2012-08-05
1780,9.0,1801,2012-08-06
1781,8.0,1802,2012-08-07
1782,7.0,1803,2012-08-08
1783,8.0,1804,2012-08-09
1784,8.0,1805,2012-08-10
1785,8.0,1806,2012-08-11
1786,8.0,1807,2012-08-12
1787,9.0,1808,2012-08-13
1788,8.0,1809,2012-08-14
1789,7.0,1810,2012-08-15
1790,8.0,1811,2012-08-16
1791,8.0,1812,2012-08-17
1792,8.0,1813,2012-08-18
1793,8.0,1814,2012-08-19
1794,9.0,1815,2012-08-20
1795,8.0,1816,2012-08-21
1796,7.0,1817,2012-08-22
1797,8.0,1818,2012-08-23
1798,7.0,1819,2012-08-24
1799,7.0,1820,2012-08-25
1800,8.0,1821,2012-08-26
1801,9.0,1822,2012-08-27
1802,7.0,1823,2012-08-28
1803,7.0,1824,2012-08-29
1804,8.0,1825,2012-08-30
1805,8.0,1826,2012-08-31
1806,8.0,1827,2012-09-01
1807,8.0,1828,2012-09-02
1808,9.0,1829,2012-09-03
1809,8.0,1830,2012-09-04
1810,7.0,1831,2012-09-05
1811,8.0,1832,2012-09-06
1812,9.0,1833,2012-09-07
1813,8.0,1834,2012-09-08
1814,8.0,1835,2012-09-09
1815,9.0,1836,2012-09-10
1816,8.0,1837,2012-09-11
1817,8.0,1838,2012-09-12
1818,10.0,1839,2012-09-13
1819,9.0,1840,2012-09-14
1820,9.0,1841,2012-09-15
1821,9.0,1842,2012-09-16
1822,10.0,1843,2012-09-17
1823,8.0,1844,2012-09-18
1824,8.0,1845,2012-09-19
1825,9.0,1846,2012-09-20
1826,9.0,1847,2012-09-21
1827,9.0,1848,2012-09-22
1828,9.0,1849,2012-09-23
1829,10.0,1850,2012-09-24
1830,8.0,1851,2012-09-25
1831,7.0,1852,2012-09-26
1832,8.0,1853,2012-09-27
1833,7.0,1854,2012-09-28
1834,7.0,1855,2012-09-29
1835,7.0,1856,2012-09-30
1836,8.0,1857,2012-10-01
1837,8.0,1858,2012-10-02
1838,7.0,1859,2012-10-03
1839,8.0,1860,2012-10-04
1840,8.0,1861,2012-10-05
1841,8.0,1862,2012-10-06
1842,8.0,1863,2012-10-07
1843,9.0,1864,2012-10-08
1844,8.0,1865,2012-10-09
1845,7.0,1866,2012-10-10
1846,9.0,1867,2012-10-11
1847,8.0,1868,2012-10-12
1848,8.0,1869,2012-10-13
1849,8.0,1870,2012-10-14
1850,9.0,1871,2012-10-15
1851,8.0,1872,2012-10-16
1852,7.0,1873,2012-10-17
1853,8.0,1874,2012-10-18
1854,7.0,1875,2012-10-19
1855,7.0,1876,2012-10-20
1856,8.0,1877,2012-10-21
1857,9.0,1878,2012-10-22
1858,8.0,1879,2012-10-23
1859,7.0,1880,2012-10-24
1860,8.0,1881,2012-10-25
1861,7.0,1882,2012-10-26
1862,8.0,1883,2012-10-27
1863,8.0,1884,2012-10-28
1864,9.0,1885,2012-10-29
1865,8.0,1886,2012-10-30
1866,8.0,1887,2012-10-31
1867,9.0,1888,2012-11-01
1868,9.0,1889,2012-11-02
1869,8.0,1890,2012-11-03
1870,8.0,1891,2012-11-04
1871,9.0,1892,2012-11-05
1872,8.0,1893,2012-11-06
1873,7.0,1894,2012-11-07
1874,8.0,1895,2012-11-08
1875,7.0,1896,2012-11-09
1876,7.0,1897,2012-11-10
1877,8.0,1898,2012-11-11
1878,9.0,1899,2012-11-12
1879,7.0,1900,2012-11-13
1880,7.0,1901,2012-11-14
1881,8.0,1902,2012-11-15
1882,8.0,1903,2012-11-16
1883,8.0,1904,2012-11-17
1884,8.0,1905,2012-11-18
1885,8.0,1906,2012-11-19
1886,7.0,1907,2012-11-20
1887,7.0,1908,2012-11-21
1888,8.0,1909,2012-11-22
1889,8.0,1910,2012-11-23
1890,8.0,1911,2012-11-24
1891,9.0,1912,2012-11-25
1892,10.0,1913,2012-11-26
1893,8.0,1914,2012-11-27
1894,7.0,1915,2012-11-28
1895,8.0,1916,2012-11-29
1896,8.0,1917,2012-11-30
1897,8.0,1918,2012-12-01
1898,9.0,1919,2012-12-02
1899,9.0,1920,2012-12-03
1900,7.0,1921,2012-12-04
1901,7.0,1922,2012-12-05
1902,8.0,1923,2012-12-06
1903,8.0,1924,2012-12-07
1904,7.0,1925,2012-12-08
1905,8.0,1926,2012-12-09
1906,9.0,1927,2012-12-10
1907,8.0,1928,2012-12-11
1908,7.0,1929,2012-12-12
1909,8.0,1930,2012-12-13
1910,8.0,1931,2012-12-14
1911,7.0,1932,2012-12-15
1912,8.0,1933,2012-12-16
1913,9.0,1934,2012-12-17
1914,7.0,1935,2012-12-18
1915,7.0,1936,2012-12-19
1916,8.0,1937,2012-12-20
1917,8.0,1938,2012-12-21
1918,8.0,1939,2012-12-22
1919,8.0,1940,2012-12-23
1920,9.0,1941,2012-12-24
1921,8.0,1942,2012-12-25
1922,7.0,1943,2012-12-26
1923,8.0,1944,2012-12-27
1924,8.0,1945,2012-12-28
1925,8.0,1946,2012-12-29
1926,8.0,1947,2012-12-30
1927,9.0,1948,2012-12-31
1928,7.0,1949,2013-01-01
1929,7.0,1950,2013-01-02
1930,7.0,1951,2013-01-03
1931,7.0,1952,2013-01-04
1932,7.0,1953,2013-01-05
1933,8.0,1954,2013-01-06
1934,8.0,1955,2013-01-07
1935,7.0,1956,2013-01-08
1936,7.0,1957,2013-01-09
1937,8.0,1958,2013-01-10
1938,8.0,1959,2013-01-11
1939,8.0,1960,2013-01-12
1940,8.0,1961,2013-01-13
1941,9.0,1962,2013-01-14
1942,8.0,1963,2013-01-15
1943,8.0,1964,2013-01-16
1944,8.0,1965,2013-01-17
1945,8.0,1966,2013-01-18
1946,7.0,1967,2013-01-19
1947,8.0,1968,2013-01-20
1948,8.0,1969,2013-01-21
1949,7.0,1970,2013-01-22
1950,7.0,1971,2013-01-23
1951,8.0,1972,2013-01-24
1952,8.0,1973,2013-01-25
1953,8.0,1974,2013-01-26
1954,9.0,1975,2013-01-27
1955,9.0,1976,2013-01-28
1956,8.0,1977,2013-01-29
1957,7.0,1978,2013-01-30
1958,8.0,1979,2013-01-31
1959,7.0,1980,2013-02-01
1960,7.0,1981,2013-02-02
1961,8.0,1982,2013-02-03
1962,9.0,1983,2013-02-04
1963,8.0,1984,2013-02-05
1964,7.0,1985,2013-02-06
1965,7.0,1986,2013-02-07
1966,7.0,1987,2013-02-08
1967,7.0,1988,2013-02-09
1968,8.0,1989,2013-02-10
1969,8.0,1990,2013-02-11
1970,7.0,1991,2013-02-12
1971,7.0,1992,2013-02-13
1972,8.0,1993,2013-02-14
1973,8.0,1994,2013-02-15
1974,8.0,1995,2013-02-16
1975,8.0,1996,2013-02-17
1976,9.0,1997,2013-02-18
1977,7.0,1998,2013-02-19
1978,7.0,1999,2013-02-20
1979,7.0,2000,2013-02-21
1980,7.0,2001,2013-02-22
1981,7.0,2002,2013-02-23
1982,7.0,2003,2013-02-24
1983,9.0,2004,2013-02-25
1984,7.0,2005,2013-02-26
1985,7.0,2006,2013-02-27
1986,7.0,2007,2013-02-28
1987,7.0,2008,2013-03-01
1988,7.0,2009,2013-03-02
1989,7.0,2010,2013-03-03
1990,8.0,2011,2013-03-04
1991,7.0,2012,2013-03-05
1992,6.0,2013,2013-03-06
1993,7.0,2014,2013-03-07
1994,7.0,2015,2013-03-08
1995,7.0,2016,2013-03-09
1996,7.0,2017,2013-03-10
1997,8.0,2018,2013-03-11
1998,7.0,2019,2013-03-12
1999,7.0,2020,2013-03-13
2000,8.0,2021,2013-03-14
2001,7.0,2022,2013-03-15
2002,7.0,2023,2013-03-16
2003,8.0,2024,2013-03-17
2004,9.0,2025,2013-03-18
2005,7.0,2026,2013-03-19
2006,7.0,2027,2013-03-20
2007,8.0,2028,2013-03-21
2008,8.0,2029,2013-03-22
2009,8.0,2030,2013-03-23
2010,8.0,2031,2013-03-24
2011,8.0,2032,2013-03-25
2012,7.0,2033,2013-03-26
2013,7.0,2034,2013-03-27
2014,7.0,2035,2013-03-28
2015,6.0,2036,2013-03-29
2016,6.0,2037,2013-03-30
2017,8.0,2038,2013-03-31
2018,9.0,2039,2013-04-01
2019,7.0,2040,2013-04-02
2020,6.0,2041,2013-04-03
2021,7.0,2042,2013-04-04
2022,7.0,2043,2013-04-05
2023,7.0,2044,2013-04-06
2024,8.0,2045,2013-04-07
2025,9.0,2046,2013-04-08
2026,8.0,2047,2013-04-09
2027,7.0,2048,2013-04-10
2028,8.0,2049,2013-04-11
2029,8.0,2050,2013-04-12
2030,8.0,2051,2013-04-13
2031,9.0,2052,2013-04-14
2032,9.0,2053,2013-04-15
2033,8.0,2054,2013-04-16
2034,7.0,2055,2013-04-17
2035,8.0,2056,2013-04-18
2036,8.0,2057,2013-04-19
2037,8.0,2058,2013-04-20
2038,8.0,2059,2013-04-21
2039,8.0,2060,2013-04-22
2040,7.0,2061,2013-04-23
2041,7.0,2062,2013-04-24
2042,8.0,2063,2013-04-25
2043,8.0,2064,2013-04-26
2044,7.0,2065,2013-04-27
2045,7.0,2066,2013-04-28
2046,8.0,2067,2013-04-29
2047,7.0,2068,2013-04-30
2048,6.0,2069,2013-05-01
2049,7.0,2070,2013-05-02
2050,7.0,2071,2013-05-03
2051,7.0,2072,2013-05-04
2052,8.0,2073,2013-05-05
2053,9.0,2074,2013-05-06
2054,7.0,2075,2013-05-07
2055,7.0,2076,2013-05-08
2056,8.0,2077,2013-05-09
2057,8.0,2078,2013-05-10
2058,8.0,2079,2013-05-11
2059,9.0,2080,2013-05-12
2060,9.0,2081,2013-05-13
2061,8.0,2082,2013-05-14
2062,7.0,2083,2013-05-15
2063,7.0,2084,2013-05-16
2064,6.0,2085,2013-05-17
2065,7.0,2086,2013-05-18
2066,7.0,2087,2013-05-19
2067,8.0,2088,2013-05-20
2068,7.0,2089,2013-05-21
2069,7.0,2090,2013-05-22
2070,9.0,2091,2013-05-23
2071,9.0,2092,2013-05-24
2072,8.0,2093,2013-05-25
2073,9.0,2094,2013-05-26
2074,10.0,2095,2013-05-27
2075,7.0,2096,2013-05-28
2076,7.0,2097,2013-05-29
2077,8.0,2098,2013-05-30
2078,8.0,2099,2013-05-31
2079,7.0,2100,2013-06-01
2080,8.0,2101,2013-06-02
2081,8.0,2102,2013-06-03
2082,8.0,2103,2013-06-04
2083,8.0,2104,2013-06-05
2084,8.0,2105,2013-06-06
2085,7.0,2106,2013-06-07
2086,7.0,2107,2013-06-08
2087,8.0,2108,2013-06-09
2088,9.0,2109,2013-06-10
2089,8.0,2110,2013-06-11
2090,7.0,2111,2013-06-12
2091,8.0,2112,2013-06-13
2092,8.0,2113,2013-06-14
2093,8.0,2114,2013-06-15
2094,8.0,2115,2013-06-16
2095,9.0,2116,2013-06-17
2096,8.0,2117,2013-06-18
2097,7.0,2118,2013-06-19
2098,8.0,2119,2013-06-20
2099,8.0,2120,2013-06-21
2100,7.0,2121,2013-06-22
2101,8.0,2122,2013-06-23
2102,8.0,2123,2013-06-24
2103,8.0,2124,2013-06-25
2104,7.0,2125,2013-06-26
2105,8.0,2126,2013-06-27
2106,8.0,2127,2013-06-28
2107,7.0,2128,2013-06-29
2108,8.0,2129,2013-06-30
2109,8.0,2130,2013-07-01
2110,7.0,2131,2013-07-02
2111,7.0,2132,2013-07-03
2112,8.0,2133,2013-07-04
2113,8.0,2134,2013-07-05
2114,8.0,2135,2013-07-06
2115,8.0,2136,2013-07-07
2116,9.0,2137,2013-07-08
2117,8.0,2138,2013-07-09
2118,7.0,2139,2013-07-10
2119,8.0,2140,2013-07-11
2120,8.0,2141,2013-07-12
2121,8.0,2142,2013-07-13
2122,8.0,2143,2013-07-14
2123,8.0,2144,2013-07-15
2124,7.0,2145,2013-07-16
2125,7.0,2146,2013-07-17
2126,8.0,2147,2013-07-18
2127,8.0,2148,2013-07-19
2128,7.0,2149,2013-07-20
2129,8.0,2150,2013-07-21
2130,9.0,2151,2013-07-22
2131,7.0,2152,2013-07-23
2132,7.0,2153,2013-07-24
2133,8.0,2154,2013-07-25
2134,8.0,2155,2013-07-26
2135,8.0,2156,2013-07-27
2136,8.0,2157,2013-07-28
2137,8.0,2158,2013-07-29
2138,7.0,2159,2013-07-30
2139,7.0,2160,2013-07-31
2140,8.0,2161,2013-08-01
2141,8.0,2162,2013-08-02
2142,8.0,2163,2013-08-03
2143,8.0,2164,2013-08-04
2144,9.0,2165,2013-08-05
2145,7.0,2166,2013-08-06
2146,7.0,2167,2013-08-07
2147,7.0,2168,2013-08-08
2148,7.0,2169,2013-08-09
2149,7.0,2170,2013-08-10
2150,8.0,2171,2013-08-11
2151,9.0,2172,2013-08-12
2152,7.0,2173,2013-08-13
2153,7.0,2174,2013-08-14
2154,8.0,2175,2013-08-15
2155,7.0,2176,2013-08-16
2156,7.0,2177,2013-08-17
2157,8.0,2178,2013-08-18
2158,9.0,2179,2013-08-19
2159,7.0,2180,2013-08-20
2160,7.0,2181,2013-08-21
2161,8.0,2182,2013-08-22
2162,8.0,2183,2013-08-23
2163,7.0,2184,2013-08-24
2164,8.0,2185,2013-08-25
2165,8.0,2186,2013-08-26
2166,7.0,2187,2013-08-27
2167,7.0,2188,2013-08-28
2168,7.0,2189,2013-08-29
2169,7.0,2190,2013-08-30
2170,7.0,2191,2013-08-31
2171,7.0,2192,2013-09-01
2172,7.0,2193,2013-09-02
2173,7.0,2194,2013-09-03
2174,7.0,2195,2013-09-04
2175,8.0,2196,2013-09-05
2176,7.0,2197,2013-09-06
2177,7.0,2198,2013-09-07
2178,8.0,2199,2013-09-08
2179,8.0,2200,2013-09-09
2180,7.0,2201,2013-09-10
2181,7.0,2202,2013-09-11
2182,8.0,2203,2013-09-12
2183,7.0,2204,2013-09-13
2184,7.0,2205,2013-09-14
2185,8.0,2206,2013-09-15
2186,9.0,2207,2013-09-16
2187,8.0,2208,2013-09-17
2188,7.0,2209,2013-09-18
2189,8.0,2210,2013-09-19
2190,8.0,2211,2013-09-20
2191,8.0,2212,2013-09-21
2192,8.0,2213,2013-09-22
2193,9.0,2214,2013-09-23
2194,8.0,2215,2013-09-24
2195,7.0,2216,2013-09-25
2196,9.0,2217,2013-09-26
2197,9.0,2218,2013-09-27
2198,8.0,2219,2013-09-28
2199,8.0,2220,2013-09-29
2200,9.0,2221,2013-09-30
2201,8.0,2222,2013-10-01
2202,7.0,2223,2013-10-02
2203,8.0,2224,2013-10-03
2204,8.0,2225,2013-10-04
2205,8.0,2226,2013-10-05
2206,9.0,2227,2013-10-06
2207,10.0,2228,2013-10-07
2208,8.0,2229,2013-10-08
2209,7.0,2230,2013-10-09
2210,8.0,2231,2013-10-10
2211,8.0,2232,2013-10-11
2212,8.0,2233,2013-10-12
2213,9.0,2234,2013-10-13
2214,9.0,2235,2013-10-14
2215,7.0,2236,2013-10-15
2216,7.0,2237,2013-10-16
2217,8.0,2238,2013-10-17
2218,7.0,2239,2013-10-18
2219,7.0,2240,2013-10-19
2220,7.0,2241,2013-10-20
2221,8.0,2242,2013-10-21
2222,7.0,2243,2013-10-22
2223,7.0,2244,2013-10-23
2224,7.0,2245,2013-10-24
2225,6.0,2246,2013-10-25
2226,8.0,2247,2013-10-26
2227,8.0,2248,2013-10-27
2228,9.0,2249,2013-10-28
2229,8.0,2250,2013-10-29
2230,7.0,2251,2013-10-30
2231,8.0,2252,2013-10-31
2232,8.0,2253,2013-11-01
2233,8.0,2254,2013-11-02
2234,9.0,2255,2013-11-03
2235,10.0,2256,2013-11-04
2236,8.0,2257,2013-11-05
2237,7.0,2258,2013-11-06
2238,8.0,2259,2013-11-07
2239,8.0,2260,2013-11-08
2240,8.0,2261,2013-11-09
2241,8.0,2262,2013-11-10
2242,9.0,2263,2013-11-11
2243,8.0,2264,2013-11-12
2244,7.0,2265,2013-11-13
2245,8.0,2266,2013-11-14
2246,7.0,2267,2013-11-15
2247,8.0,2268,2013-11-16
2248,8.0,2269,2013-11-17
2249,10.0,2270,2013-11-18
2250,8.0,2271,2013-11-19
2251,7.0,2272,2013-11-20
2252,9.0,2273,2013-11-21
2253,9.0,2274,2013-11-22
2254,9.0,2275,2013-11-23
2255,9.0,2276,2013-11-24
2256,10.0,2277,2013-11-25
2257,8.0,2278,2013-11-26
2258,7.0,2279,2013-11-27
2259,8.0,2280,2013-11-28
2260,8.0,2281,2013-11-29
2261,8.0,2282,2013-11-30
2262,8.0,2283,2013-12-01
2263,10.0,2284,2013-12-02
2264,8.0,2285,2013-12-03
2265,8.0,2286,2013-12-04
2266,9.0,2287,2013-12-05
2267,8.0,2288,2013-12-06
2268,8.0,2289,2013-12-07
2269,8.0,2290,2013-12-08
2270,9.0,2291,2013-12-09
2271,8.0,2292,2013-12-10
2272,7.0,2293,2013-12-11
2273,9.0,2294,2013-12-12
2274,8.0,2295,2013-12-13
2275,9.0,2296,2013-12-14
2276,10.0,2297,2013-12-15
2277,11.0,2298,2013-12-16
2278,9.0,2299,2013-12-17
2279,8.0,2300,2013-12-18
2280,8.0,2301,2013-12-19
2281,8.0,2302,2013-12-20
2282,8.0,2303,2013-12-21
2283,8.0,2304,2013-12-22
2284,9.0,2305,2013-12-23
2285,8.0,2306,2013-12-24
2286,7.0,2307,2013-12-25
2287,8.0,2308,2013-12-26
2288,8.0,2309,2013-12-27
2289,8.0,2310,2013-12-28
2290,8.0,2311,2013-12-29
2291,9.0,2312,2013-12-30
2292,7.0,2313,2013-12-31
2293,6.0,2314,2014-01-01
2294,7.0,2315,2014-01-02
2295,7.0,2316,2014-01-03
2296,7.0,2317,2014-01-04
2297,8.0,2318,2014-01-05
2298,9.0,2319,2014-01-06
2299,8.0,2320,2014-01-07
2300,7.0,2321,2014-01-08
2301,8.0,2322,2014-01-09
2302,8.0,2323,2014-01-10
2303,8.0,2324,2014-01-11
2304,8.0,2325,2014-01-12
2305,9.0,2326,2014-01-13
2306,7.0,2327,2014-01-14
2307,7.0,2328,2014-01-15
2308,7.0,2329,2014-01-16
2309,7.0,2330,2014-01-17
2310,7.0,2331,2014-01-18
2311,8.0,2332,2014-01-19
2312,8.0,2333,2014-01-20
2313,7.0,2334,2014-01-21
2314,7.0,2335,2014-01-22
2315,7.0,2336,2014-01-23
2316,7.0,2337,2014-01-24
2317,8.0,2338,2014-01-25
2318,8.0,2339,2014-01-26
2319,9.0,2340,2014-01-27
2320,8.0,2341,2014-01-28
2321,7.0,2342,2014-01-29
2322,8.0,2343,2014-01-30
2323,8.0,2344,2014-01-31
2324,8.0,2345,2014-02-01
2325,8.0,2346,2014-02-02
2326,8.0,2347,2014-02-03
2327,7.0,2348,2014-02-04
2328,6.0,2349,2014-02-05
2329,7.0,2350,2014-02-06
2330,7.0,2351,2014-02-07
2331,6.0,2352,2014-02-08
2332,7.0,2353,2014-02-09
2333,8.0,2354,2014-02-10
2334,7.0,2355,2014-02-11
2335,7.0,2356,2014-02-12
2336,7.0,2357,2014-02-13
2337,7.0,2358,2014-02-14
2338,7.0,2359,2014-02-15
2339,7.0,2360,2014-02-16
2340,8.0,2361,2014-02-17
2341,7.0,2362,2014-02-18
2342,7.0,2363,2014-02-19
2343,9.0,2364,2014-02-20
2344,8.0,2365,2014-02-21
2345,8.0,2366,2014-02-22
2346,9.0,2367,2014-02-23
2347,9.0,2368,2014-02-24
2348,8.0,2369,2014-02-25
2349,7.0,2370,2014-02-26
2350,8.0,2371,2014-02-27
2351,7.0,2372,2014-02-28
2352,7.0,2373,2014-03-01
2353,8.0,2374,2014-03-02
2354,9.0,2375,2014-03-03
2355,8.0,2376,2014-03-04
2356,7.0,2377,2014-03-05
2357,8.0,2378,2014-03-06
2358,8.0,2379,2014-03-07
2359,8.0,2380,2014-03-08
2360,9.0,2381,2014-03-09
2361,9.0,2382,2014-03-10
2362,8.0,2383,2014-03-11
2363,7.0,2384,2014-03-12
2364,8.0,2385,2014-03-13
2365,7.0,2386,2014-03-14
2366,8.0,2387,2014-03-15
2367,8.0,2388,2014-03-16
2368,9.0,2389,2014-03-17
2369,8.0,2390,2014-03-18
2370,7.0,2391,2014-03-19
2371,8.0,2392,2014-03-20
2372,8.0,2393,2014-03-21
2373,7.0,2394,2014-03-22
2374,8.0,2395,2014-03-23
2375,9.0,2396,2014-03-24
2376,8.0,2397,2014-03-25
2377,7.0,2398,2014-03-26
2378,9.0,2399,2014-03-27
2379,8.0,2400,2014-03-28
2380,8.0,2401,2014-03-29
2381,8.0,2402,2014-03-30
2382,9.0,2403,2014-03-31
2383,7.0,2404,2014-04-01
2384,7.0,2405,2014-04-02
2385,8.0,2406,2014-04-03
2386,8.0,2407,2014-04-04
2387,8.0,2408,2014-04-05
2388,8.0,2409,2014-04-06
2389,9.0,2410,2014-04-07
2390,8.0,2411,2014-04-08
2391,7.0,2412,2014-04-09
2392,9.0,2413,2014-04-10
2393,9.0,2414,2014-04-11
2394,8.0,2415,2014-04-12
2395,8.0,2416,2014-04-13
2396,8.0,2417,2014-04-14
2397,7.0,2418,2014-04-15
2398,7.0,2419,2014-04-16
2399,8.0,2420,2014-04-17
2400,7.0,2421,2014-04-18
2401,7.0,2422,2014-04-19
2402,8.0,2423,2014-04-20
2403,8.0,2424,2014-04-21
2404,7.0,2425,2014-04-22
2405,6.0,2426,2014-04-23
2406,7.0,2427,2014-04-24
2407,6.0,2428,2014-04-25
2408,6.0,2429,2014-04-26
2409,7.0,2430,2014-04-27
2410,7.0,2431,2014-04-28
2411,7.0,2432,2014-04-29
2412,7.0,2433,2014-04-30
2413,8.0,2434,2014-05-01
2414,7.0,2435,2014-05-02
2415,7.0,2436,2014-05-03
2416,8.0,2437,2014-05-04
2417,9.0,2438,2014-05-05
2418,7.0,2439,2014-05-06
2419,7.0,2440,2014-05-07
2420,8.0,2441,2014-05-08
2421,8.0,2442,2014-05-09
2422,8.0,2443,2014-05-10
2423,8.0,2444,2014-05-11
2424,9.0,2445,2014-05-12
2425,8.0,2446,2014-05-13
2426,7.0,2447,2014-05-14
2427,8.0,2448,2014-05-15
2428,9.0,2449,2014-05-16
2429,8.0,2450,2014-05-17
2430,9.0,2451,2014-05-18
2431,9.0,2452,2014-05-19
2432,7.0,2453,2014-05-20
2433,7.0,2454,2014-05-21
2434,7.0,2455,2014-05-22
2435,7.0,2456,2014-05-23
2436,7.0,2457,2014-05-24
2437,8.0,2458,2014-05-25
2438,9.0,2459,2014-05-26
2439,7.0,2460,2014-05-27
2440,6.0,2461,2014-05-28
2441,7.0,2462,2014-05-29
2442,7.0,2463,2014-05-30
2443,7.0,2464,2014-05-31
2444,7.0,2465,2014-06-01
2445,8.0,2466,2014-06-02
2446,8.0,2467,2014-06-03
2447,7.0,2468,2014-06-04
2448,8.0,2469,2014-06-05
2449,8.0,2470,2014-06-06
2450,8.0,2471,2014-06-07
2451,8.0,2472,2014-06-08
2452,9.0,2473,2014-06-09
2453,8.0,2474,2014-06-10
2454,7.0,2475,2014-06-11
2455,8.0,2476,2014-06-12
2456,7.0,2477,2014-06-13
2457,8.0,2478,2014-06-14
2458,8.0,2479,2014-06-15
2459,8.0,2480,2014-06-16
2460,7.0,2481,2014-06-17
2461,7.0,2482,2014-06-18
2462,8.0,2483,2014-06-19
2463,7.0,2484,2014-06-20
2464,7.0,2485,2014-06-21
2465,7.0,2486,2014-06-22
2466,8.0,2487,2014-06-23
2467,7.0,2488,2014-06-24
2468,7.0,2489,2014-06-25
2469,7.0,2490,2014-06-26
2470,7.0,2491,2014-06-27
2471,6.0,2492,2014-06-28
2472,7.0,2493,2014-06-29
2473,8.0,2494,2014-06-30
2474,7.0,2495,2014-07-01
2475,7.0,2496,2014-07-02
2476,7.0,2497,2014-07-03
2477,7.0,2498,2014-07-04
2478,7.0,2499,2014-07-05
2479,7.0,2500,2014-07-06
2480,9.0,2501,2014-07-07
2481,7.0,2502,2014-07-08
2482,7.0,2503,2014-07-09
2483,8.0,2504,2014-07-10
2484,8.0,2505,2014-07-11
2485,8.0,2506,2014-07-12
2486,8.0,2507,2014-07-13
2487,8.0,2508,2014-07-14
2488,8.0,2509,2014-07-15
2489,7.0,2510,2014-07-16
2490,8.0,2511,2014-07-17
2491,8.0,2512,2014-07-18
2492,8.0,2513,2014-07-19
2493,8.0,2514,2014-07-20
2494,8.0,2515,2014-07-21
2495,7.0,2516,2014-07-22
2496,7.0,2517,2014-07-23
2497,8.0,2518,2014-07-24
2498,8.0,2519,2014-07-25
2499,8.0,2520,2014-07-26
2500,8.0,2521,2014-07-27
2501,9.0,2522,2014-07-28
2502,7.0,2523,2014-07-29
2503,7.0,2524,2014-07-30
2504,8.0,2525,2014-07-31
2505,8.0,2526,2014-08-01
2506,7.0,2527,2014-08-02
2507,8.0,2528,2014-08-03
2508,9.0,2529,2014-08-04
2509,7.0,2530,2014-08-05
2510,7.0,2531,2014-08-06
2511,8.0,2532,2014-08-07
2512,8.0,2533,2014-08-08
2513,7.0,2534,2014-08-09
2514,8.0,2535,2014-08-10
2515,8.0,2536,2014-08-11
2516,7.0,2537,2014-08-12
2517,7.0,2538,2014-08-13
2518,8.0,2539,2014-08-14
2519,7.0,2540,2014-08-15
2520,7.0,2541,2014-08-16
2521,8.0,2542,2014-08-17
2522,8.0,2543,2014-08-18
2523,7.0,2544,2014-08-19
2524,7.0,2545,2014-08-20
2525,8.0,2546,2014-08-21
2526,7.0,2547,2014-08-22
2527,7.0,2548,2014-08-23
2528,7.0,2549,2014-08-24
2529,8.0,2550,2014-08-25
2530,7.0,2551,2014-08-26
2531,7.0,2552,2014-08-27
2532,7.0,2553,2014-08-28
2533,7.0,2554,2014-08-29
2534,7.0,2555,2014-08-30
2535,7.0,2556,2014-08-31
2536,8.0,2557,2014-09-01
2537,7.0,2558,2014-09-02
2538,7.0,2559,2014-09-03
2539,8.0,2560,2014-09-04
2540,8.0,2561,2014-09-05
2541,8.0,2562,2014-09-06
2542,9.0,2563,2014-09-07
2543,9.0,2564,2014-09-08
2544,8.0,2565,2014-09-09
2545,8.0,2566,2014-09-10
2546,9.0,2567,2014-09-11
2547,8.0,2568,2014-09-12
2548,8.0,2569,2014-09-13
2549,9.0,2570,2014-09-14
2550,10.0,2571,2014-09-15
2551,8.0,2572,2014-09-16
2552,7.0,2573,2014-09-17
2553,8.0,2574,2014-09-18
2554,7.0,2575,2014-09-19
2555,7.0,2576,2014-09-20
2556,7.0,2577,2014-09-21
2557,8.0,2578,2014-09-22
2558,7.0,2579,2014-09-23
2559,7.0,2580,2014-09-24
2560,7.0,2581,2014-09-25
2561,7.0,2582,2014-09-26
2562,8.0,2583,2014-09-27
2563,8.0,2584,2014-09-28
2564,9.0,2585,2014-09-29
2565,8.0,2586,2014-09-30
2566,7.0,2587,2014-10-01
2567,8.0,2588,2014-10-02
2568,8.0,2589,2014-10-03
2569,8.0,2590,2014-10-04
2570,9.0,2591,2014-10-05
2571,9.0,2592,2014-10-06
2572,8.0,2593,2014-10-07
2573,7.0,2594,2014-10-08
2574,8.0,2595,2014-10-09
2575,7.0,2596,2014-10-10
2576,7.0,2597,2014-10-11
2577,7.0,2598,2014-10-12
2578,8.0,2599,2014-10-13
2579,7.0,2600,2014-10-14
2580,7.0,2601,2014-10-15
2581,8.0,2602,2014-10-16
2582,9.0,2603,2014-10-17
2583,9.0,2604,2014-10-18
2584,9.0,2605,2014-10-19
2585,10.0,2606,2014-10-20
2586,8.0,2607,2014-10-21
2587,8.0,2608,2014-10-22
2588,9.0,2609,2014-10-23
2589,9.0,2610,2014-10-24
2590,9.0,2611,2014-10-25
2591,9.0,2612,2014-10-26
2592,10.0,2613,2014-10-27
2593,9.0,2614,2014-10-28
2594,8.0,2615,2014-10-29
2595,8.0,2616,2014-10-30
2596,8.0,2617,2014-10-31
2597,8.0,2618,2014-11-01
2598,9.0,2619,2014-11-02
2599,9.0,2620,2014-11-03
2600,7.0,2621,2014-11-04
2601,7.0,2622,2014-11-05
2602,8.0,2623,2014-11-06
2603,8.0,2624,2014-11-07
2604,7.0,2625,2014-11-08
2605,7.0,2626,2014-11-09
2606,9.0,2627,2014-11-10
2607,7.0,2628,2014-11-11
2608,7.0,2629,2014-11-12
2609,8.0,2630,2014-11-13
2610,8.0,2631,2014-11-14
2611,8.0,2632,2014-11-15
2612,8.0,2633,2014-11-16
2613,9.0,2634,2014-11-17
2614,8.0,2635,2014-11-18
2615,7.0,2636,2014-11-19
2616,8.0,2637,2014-11-20
2617,9.0,2638,2014-11-21
2618,9.0,2639,2014-11-22
2619,9.0,2640,2014-11-23
2620,10.0,2641,2014-11-24
2621,9.0,2642,2014-11-25
2622,8.0,2643,2014-11-26
2623,8.0,2644,2014-11-27
2624,7.0,2645,2014-11-28
2625,8.0,2646,2014-11-29
2626,9.0,2647,2014-11-30
2627,9.0,2648,2014-12-01
2628,8.0,2649,2014-12-02
2629,8.0,2650,2014-12-03
2630,9.0,2651,2014-12-04
2631,9.0,2652,2014-12-05
2632,8.0,2653,2014-12-06
2633,9.0,2654,2014-12-07
2634,9.0,2655,2014-12-08
2635,8.0,2656,2014-12-09
2636,8.0,2657,2014-12-10
2637,9.0,2658,2014-12-11
2638,9.0,2659,2014-12-12
2639,8.0,2660,2014-12-13
2640,8.0,2661,2014-12-14
2641,9.0,2662,2014-12-15
2642,8.0,2663,2014-12-16
2643,8.0,2664,2014-12-17
2644,8.0,2665,2014-12-18
2645,8.0,2666,2014-12-19
2646,8.0,2667,2014-12-20
2647,9.0,2668,2014-12-21
2648,9.0,2669,2014-12-22
2649,8.0,2670,2014-12-23
2650,8.0,2671,2014-12-24
2651,9.0,2672,2014-12-25
2652,8.0,2673,2014-12-26
2653,8.0,2674,2014-12-27
2654,8.0,2675,2014-12-28
2655,9.0,2676,2014-12-29
2656,8.0,2677,2014-12-30
2657,7.0,2678,2014-12-31
2658,8.0,2679,2015-01-01
2659,7.0,2680,2015-01-02
2660,7.0,2681,2015-01-03
2661,8.0,2682,2015-01-04
2662,8.0,2683,2015-01-05
2663,8.0,2684,2015-01-06
2664,7.0,2685,2015-01-07
2665,9.0,2686,2015-01-08
2666,8.0,2687,2015-01-09
2667,8.0,2688,2015-01-10
2668,8.0,2689,2015-01-11
2669,9.0,2690,2015-01-12
2670,8.0,2691,2015-01-13
2671,7.0,2692,2015-01-14
2672,8.0,2693,2015-01-15
2673,7.0,2694,2015-01-16
2674,7.0,2695,2015-01-17
2675,8.0,2696,2015-01-18
2676,9.0,2697,2015-01-19
2677,7.0,2698,2015-01-20
2678,7.0,2699,2015-01-21
2679,7.0,2700,2015-01-22
2680,7.0,2701,2015-01-23
2681,7.0,2702,2015-01-24
2682,8.0,2703,2015-01-25
2683,8.0,2704,2015-01-26
2684,7.0,2705,2015-01-27
2685,7.0,2706,2015-01-28
2686,8.0,2707,2015-01-29
2687,8.0,2708,2015-01-30
2688,7.0,2709,2015-01-31
2689,7.0,2710,2015-02-01
2690,8.0,2711,2015-02-02
2691,7.0,2712,2015-02-03
2692,7.0,2713,2015-02-04
2693,8.0,2714,2015-02-05
2694,8.0,2715,2015-02-06
2695,8.0,2716,2015-02-07
2696,8.0,2717,2015-02-08
2697,9.0,2718,2015-02-09
2698,8.0,2719,2015-02-10
2699,8.0,2720,2015-02-11
2700,8.0,2721,2015-02-12
2701,8.0,2722,2015-02-13
2702,8.0,2723,2015-02-14
2703,8.0,2724,2015-02-15
2704,9.0,2725,2015-02-16
2705,8.0,2726,2015-02-17
2706,7.0,2727,2015-02-18
2707,7.0,2728,2015-02-19
2708,7.0,2729,2015-02-20
2709,8.0,2730,2015-02-21
2710,8.0,2731,2015-02-22
2711,8.0,2732,2015-02-23
2712,7.0,2733,2015-02-24
2713,7.0,2734,2015-02-25
2714,8.0,2735,2015-02-26
2715,8.0,2736,2015-02-27
2716,8.0,2737,2015-02-28
2717,9.0,2738,2015-03-01
2718,9.0,2739,2015-03-02
2719,8.0,2740,2015-03-03
2720,8.0,2741,2015-03-04
2721,8.0,2742,2015-03-05
2722,8.0,2743,2015-03-06
2723,8.0,2744,2015-03-07
2724,9.0,2745,2015-03-08
2725,9.0,2746,2015-03-09
2726,8.0,2747,2015-03-10
2727,8.0,2748,2015-03-11
2728,8.0,2749,2015-03-12
2729,8.0,2750,2015-03-13
2730,8.0,2751,2015-03-14
2731,8.0,2752,2015-03-15
2732,9.0,2753,2015-03-16
2733,8.0,2754,2015-03-17
2734,7.0,2755,2015-03-18
2735,8.0,2756,2015-03-19
2736,7.0,2757,2015-03-20
2737,7.0,2758,2015-03-21
2738,7.0,2759,2015-03-22
2739,8.0,2760,2015-03-23
2740,7.0,2761,2015-03-24
2741,7.0,2762,2015-03-25
2742,8.0,2763,2015-03-26
2743,8.0,2764,2015-03-27
2744,7.0,2765,2015-03-28
2745,8.0,2766,2015-03-29
2746,9.0,2767,2015-03-30
2747,8.0,2768,2015-03-31
2748,7.0,2769,2015-04-01
2749,9.0,2770,2015-04-02
2750,9.0,2771,2015-04-03
2751,9.0,2772,2015-04-04
2752,9.0,2773,2015-04-05
2753,9.0,2774,2015-04-06
2754,8.0,2775,2015-04-07
2755,7.0,2776,2015-04-08
2756,8.0,2777,2015-04-09
2757,7.0,2778,2015-04-10
2758,7.0,2779,2015-04-11
2759,8.0,2780,2015-04-12
2760,8.0,2781,2015-04-13
2761,7.0,2782,2015-04-14
2762,7.0,2783,2015-04-15
2763,8.0,2784,2015-04-16
2764,8.0,2785,2015-04-17
2765,7.0,2786,2015-04-18
2766,8.0,2787,2015-04-19
2767,9.0,2788,2015-04-20
2768,8.0,2789,2015-04-21
2769,7.0,2790,2015-04-22
2770,9.0,2791,2015-04-23
2771,8.0,2792,2015-04-24
2772,8.0,2793,2015-04-25
2773,8.0,2794,2015-04-26
2774,9.0,2795,2015-04-27
2775,8.0,2796,2015-04-28
2776,7.0,2797,2015-04-29
2777,8.0,2798,2015-04-30
2778,8.0,2799,2015-05-01
2779,8.0,2800,2015-05-02
2780,8.0,2801,2015-05-03
2781,9.0,2802,2015-05-04
2782,7.0,2803,2015-05-05
2783,7.0,2804,2015-05-06
2784,8.0,2805,2015-05-07
2785,8.0,2806,2015-05-08
2786,8.0,2807,2015-05-09
2787,8.0,2808,2015-05-10
2788,9.0,2809,2015-05-11
2789,8.0,2810,2015-05-12
2790,7.0,2811,2015-05-13
2791,8.0,2812,2015-05-14
2792,8.0,2813,2015-05-15
2793,8.0,2814,2015-05-16
2794,8.0,2815,2015-05-17
2795,9.0,2816,2015-05-18
2796,8.0,2817,2015-05-19
2797,8.0,2818,2015-05-20
2798,8.0,2819,2015-05-21
2799,9.0,2820,2015-05-22
2800,9.0,2821,2015-05-23
2801,9.0,2822,2015-05-24
2802,10.0,2823,2015-05-25
2803,8.0,2824,2015-05-26
2804,8.0,2825,2015-05-27
2805,9.0,2826,2015-05-28
2806,9.0,2827,2015-05-29
2807,9.0,2828,2015-05-30
2808,9.0,2829,2015-05-31
2809,10.0,2830,2015-06-01
2810,8.0,2831,2015-06-02
2811,8.0,2832,2015-06-03
2812,10.0,2833,2015-06-04
2813,9.0,2834,2015-06-05
2814,9.0,2835,2015-06-06
2815,9.0,2836,2015-06-07
2816,10.0,2837,2015-06-08
2817,8.0,2838,2015-06-09
2818,7.0,2839,2015-06-10
2819,8.0,2840,2015-06-11
2820,7.0,2841,2015-06-12
2821,7.0,2842,2015-06-13
2822,8.0,2843,2015-06-14
2823,9.0,2844,2015-06-15
2824,7.0,2845,2015-06-16
2825,7.0,2846,2015-06-17
2826,8.0,2847,2015-06-18
2827,9.0,2848,2015-06-19
